,RBC,FBC,Position,Variant,Alignment Probability,Alignment Count,Row,Column
263,RB05,A01,"[166, 167, 168, 169, 171, 175, 179, 180, 265, 266, 267]",T166A_G167C_G168T_T169A_C171T_C175A_A179C_G180T_T265G_T266A_C267G,0.7988210853901034,248.0,A,01
262,RB05,A02,"[166, 167, 168, 169, 171, 175, 179, 180, 265, 266, 267]",T166A_G167C_G168T_T169A_C171T_C175A_A179C_G180T_T265G_T266A_C267G,0.7171159834823332,300.0,A,02
186,RB05,A03,"[167, 168, 169, 170, 171, 175, 176, 177, 180, 266, 267]",G167C_G168T_T169A_A170T_C171G_C175A_T176G_G177T_G180T_T266G_C267T,0.5724253757729165,410.0,A,03
190,RB05,A04,"[166, 167, 170, 171, 175, 176, 178, 179, 266, 267]",T166G_G167T_A170G_C171T_C175A_T176G_C178G_A179C_T266C_C267G,0.47684133843508353,297.0,A,04
277,RB05,A05,"[166, 168, 169, 170, 171, 175, 177, 178, 265, 266, 267]",T166A_G168T_T169A_A170T_C171T_C175G_G177T_C178A_T265A_T266C_C267G,0.6101851719948974,424.0,A,05
229,RB05,A06,"[166, 167, 170, 171, 175, 176, 177, 178, 179, 265, 267]",T166A_G167C_A170C_C171T_C175G_T176G_G177T_C178A_A179T_T265C_C267T,0.045962318958164106,506.0,A,06
220,RB05,A07,"[166, 167, 169, 170, 171, 175, 176, 177, 180, 265, 267]",T166A_G167C_T169C_A170T_C171T_C175T_T176C_G177T_G180DEL_T265G_C267G,0.5842279350761815,295.0,A,07
265,RB05,A08,"[167, 168, 170, 171, 175, 176, 178, 179, 180, 265, 266, 267]",G167C_G168T_A170G_C171G_C175T_T176G_C178A_A179G_G180T_T265C_T266G_C267T,0.45228152928301985,279.0,A,08
271,RB05,A09,"[166, 167, 168, 169, 170, 171, 175, 176, 177, 178, 266, 267]",T166G_G167C_C171T_C175G_G177T_C178G_T266A_C267G,0.006497324260787222,369.0,A,09
207,RB05,A10,"[166, 167, 168, 169, 170, 171, 175, 176, 177, 178, 179, 180, 265, 267]",T166C_G167C_G168T_T169G_A170C_C171G_C175A_T176G_G177T_C178T_A179T_T265G_C267G,0.006314548413471727,319.0,A,10
272,RB05,A11,"[166, 167, 168, 169, 171, 175, 176, 177, 178, 179, 265, 266, 267]",T166C_G167A_G168T_T169G_C171T_C175A_T176A_G177T_C178A_A179T_T265G_T266G_C267T,0.4706019727595732,461.0,A,11
253,RB05,A12,"[166, 167, 169, 170, 171, 175, 176, 177, 180, 266, 267]",T166A_G167C_T169C_A170T_C171T_C175T_T176C_G177T_G180DEL_T266C_C267G,0.07507377962100273,219.0,A,12
201,RB05,B01,"[166, 167, 169, 171, 176, 177, 179, 180, 264, 266, 267]",T166G_G167C_T169A_C171G_T176C_G177T_A179C_G180T_T264DEL_T266C_C267G,0.7448509864071866,352.0,B,01
193,RB05,B02,"[166, 167, 168, 169, 170, 171, 175, 176, 177, 178, 179, 265, 266, 267]",T166A_G167C_A170C_C171T_C175G_T176G_G177T_C178A_A179G_T265G_T266A_C267G,0.0019148031288442875,556.0,B,02
261,RB05,B03,"[166, 167, 168, 169, 170, 171, 175, 178, 179, 265, 266, 267]",T166C_G167C_G168T_T169C_A170T_C171G_C175T_C178A_A179T_T265A_T266C_C267G,0.07215662063750793,334.0,B,03
233,RB05,B04,"[588, 553, 335]",C588T,0.9444444444444445,18.0,B,04
245,RB05,B05,"[166, 167, 168, 169, 171, 175, 179, 180, 265, 267]",T166A_G167C_G168T_T169A_C171T_C175A_A179C_G180T_T265C_C267G,0.8398868339357783,307.0,B,05
275,RB05,B06,"[166, 167, 169, 170, 171, 175, 176, 178, 179, 180, 265, 266, 267]",T166G_G167C_T169G_A170T_C171T_C175T_T176A_C178A_A179C_G180T_T265G_T266G_C267T,0.5385106349419115,655.0,B,06
267,RB05,B07,"[167, 168, 169, 170, 171, 175, 178, 180, 265, 267]",G167T_G168T_T169A_A170G_C171G_C175A_C178A_G180T_T265A_C267G,0.5776623665588578,209.0,B,07
187,RB05,B08,"[166, 167, 168, 169, 170, 171, 175, 179, 180, 266, 267, 461]",T166C_G167A_G168T_T169C_A170T_C171G_C175G_A179T_T266G_C267T_A461G,0.022595730367225002,235.0,B,08
218,RB05,B09,"[166, 167, 170, 171, 175, 176, 177, 178, 179, 265, 266, 267]",T166A_G167C_A170C_C171T_C175G_T176G_G177T_C178A_A179T_T265C_T266C_C267T,0.34104508680366524,304.0,B,09
241,RB05,B10,"[166, 167, 168, 169, 170, 171, 176, 177, 178, 180, 265, 266, 267]",T166C_G167C_G168T_T169C_A170C_C171G_T176A_G177T_C178A_G180T_T265C_T266A_C267T,0.6121273782337272,311.0,B,10
223,RB05,B11,"[167, 169, 170, 171, 175, 177, 179, 180, 265, 266, 267]",G167C_T169G_A170C_C171T_C175T_G177T_A179G_G180T_T265C_T266G_C267G,0.7548961761623175,597.0,B,11
257,RB05,B12,"[166, 167, 170, 171, 175, 176, 177, 178, 179, 265, 266, 267]",T166A_G167C_A170C_C171T_C175G_T176G_G177T_C178A_A179T_T265A_T266G_C267T,0.41109354844610396,236.0,B,12
280,RB05,C01,"[166, 168, 171, 174, 177, 178, 179, 265, 266, 267]",T166DEL_G168T_C171G_C174G_G177T_C178T_A179C_T265A_T266G_C267G,0.43050847319378005,343.0,C,01
232,RB05,C02,"[166, 167, 170, 171, 175, 176, 177, 178, 179, 265, 266, 267]",T166A_G167C_A170C_C171T_C175G_T176G_G177T_C178A_A179T_T265G_T266C_C267G,0.33830683846838266,338.0,C,02
264,RB05,C03,"[167, 168, 169, 170, 171, 175, 177, 178, 179, 180, 265, 266, 267]",G167T_G168T_T169A_A170G_C171G_C175A_C178A_G180T_T265G_T266G_C267T,0.017030045346162124,509.0,C,03
198,RB05,C04,"[166, 167, 169, 170, 171, 175, 176, 178, 265, 266, 267]",T166C_G167C_T169A_A170C_C171T_C175G_T176G_C178G_T265G_T266G_C267T,0.4465139867208423,301.0,C,04
227,RB05,C05,"[588, 78, 139]",C588T,0.9786217019835146,326.0,C,05
212,RB05,C06,"[166, 167, 168, 169, 171, 175, 179, 180, 265, 266, 267]",T166A_G167C_G168T_T169A_C171T_C175A_A179C_G180T_T265C_T266C_C267G,0.7267279238586721,561.0,C,06
216,RB05,C07,"[166, 167, 168, 169, 170, 171, 176, 177, 178, 179, 265, 266, 267]",T166A_G167T_A170G_C171G_T176G_C178A_A179C_T265C_T266G_C267T,0.0037883869244390665,266.0,C,07
243,RB05,C08,"[166, 167, 168, 169, 171, 175, 176, 178, 179, 180, 265, 266, 267]",G167T_T169C_C171G_C175T_T176C_C178G_A179G_G180T_T265A_T266C_C267T,0.016104004197083324,286.0,C,08
228,RB05,C09,"[166, 167, 168, 169, 170, 171, 175, 176, 177, 178, 179, 265, 267]",T166C_G167C_G168T_T169G_A170C_C171G_C175A_T176G_G177T_C178T_A179T_T265G_C267G,0.36057796796034663,341.0,C,09
221,RB05,C10,"[167, 168, 169, 170, 171, 175, 176, 177, 180, 265, 267]",G167C_G168T_T169A_A170T_C171G_C175A_T176G_G177T_G180T_T265C_C267T,0.7336246872816992,295.0,C,10
270,RB05,C11,"[166, 167, 168, 169, 170, 171, 175, 176, 177, 179, 267]",T166A_G167C_G168T_T169C_A170T_C171G_C175T_T176A_G177T_A179G_C267G,0.15900981603872666,581.0,C,11
211,RB05,C12,"[166, 167, 168, 169, 170, 171, 175, 178, 179, 265, 267]",T166C_G167C_G168T_T169C_A170T_C171G_C175T_C178A_A179T_T265G_C267G,0.35966538790767977,324.0,C,12
191,RB05,D01,"[166, 167, 168, 169, 170, 171, 175, 176, 177, 178, 179, 265, 266, 267]",T166G_G168T_T169A_A170G_C171T_C175G_C178G_A179G_T265G_T266C_C267T,0.0036656360859000526,353.0,D,01
254,RB05,D02,"[166, 167, 171, 175, 176, 178, 179, 265, 266, 267]",T166C_G167A_C171T_C175A_T176G_C178G_A179G_T265G_T266A_C267T,0.23631239782181407,620.0,D,02
278,RB05,D03,"[166, 168, 169, 170, 171, 175, 176, 177, 179, 265, 266, 267]",T166G_G168T_T169A_A170T_C171T_C175G_T176A_G177T_A179T_T265C_T266C_C267T,0.1044236946830277,307.0,D,03
199,RB05,D04,"[166, 167, 168, 169, 170, 171, 175, 176, 177, 178, 180, 265, 266, 267]",T166C_G167A_G168T_T169C_A170C_C171T_C175A_T176C_G177T_C178T_G180T_T265A_T266A_C267T,0.4909165534833008,630.0,D,04
244,RB05,D05,"[167, 169, 170, 171, 175, 176, 177, 178, 179, 180, 265, 267]",G167T_T169C_C171G_C175T_T176C_C178G_A179G_G180T_T265C_C267G,0.0335517957498063,636.0,D,05
274,RB05,D06,"[588, 447, 130]",C588T,0.9438065701738451,298.0,D,06
208,RB05,D07,"[167, 168, 169, 170, 171, 175, 178, 180, 267]",G167T_G168T_T169A_A170G_C171G_C175A_C178A_G180T_C267G,0.6554690961961781,629.0,D,07
196,RB05,D08,"[166, 168, 169, 170, 171, 175, 177, 178, 266, 267]",T166A_G168T_T169A_A170T_C171T_C175G_G177T_C178A_T266G_C267T,0.6027698594152573,496.0,D,08
214,RB05,D09,"[75, 158, 594]",T158A_C594A,,404.0,D,09
250,RB05,D10,"[166, 167, 168, 169, 171, 175, 176, 177, 178, 179, 265, 267]",T166C_G167A_G168T_T169G_C171T_C175A_T176A_G177T_C178A_A179T_T265G_C267T,0.4327288993371579,562.0,D,10
204,RB05,D11,"[166, 167, 168, 169, 171, 175, 179, 180, 265, 266, 267]",T166A_G167C_G168T_T169A_C171T_C175A_A179C_G180T_T265A_T266G_C267T,0.16724216816185578,355.0,D,11
188,RB05,D12,"[166, 167, 169, 170, 171, 175, 178, 265, 266, 267]",T166G_G167T_T169G_A170G_C171G_C175G_C178T_T265G_T266A_C267T,0.6259329379985898,299.0,D,12
251,RB05,E01,"[166, 167, 168, 170, 171, 177, 178, 179, 265, 266, 267]",T166C_G167C_G168T_A170G_C171T_G177T_C178A_A179C_T265G_T266A_C267T,0.717478738149404,513.0,E,01
259,RB05,E02,"[166, 167, 168, 169, 170, 171, 175, 178, 179, 267]",T166C_G167C_G168T_T169C_A170T_C171G_C175T_C178A_A179T_C267G,0.34794696821489,346.0,E,02
268,RB05,E03,"[324, 310, 136]",C324A_C310A,,301.0,E,03
269,RB05,E04,"[400, 488, 43]",C400A_T488A_C43A,,341.0,E,04
202,RB05,E05,"[238, 335, 546]",#PARENT#,1.0,172.0,E,05
195,RB05,E06,"[166, 167, 168, 170, 171, 177, 178, 179, 266, 267]",T166C_G167C_G168T_A170G_C171T_G177T_C178A_A179C_T266C_C267G,0.7493724483930491,290.0,E,06
237,RB05,E07,"[588, 62, 445]",C588T,0.9525997660625779,353.0,E,07
249,RB05,E08,"[84, 488, 313]",#PARENT#,1.0,630.0,E,08
197,RB05,E09,"[166, 167, 169, 170, 171, 175, 178, 265, 266, 267]",T166G_G167T_T169G_A170G_C171G_C175G_C178T_T265C_T266A_C267G,0.6787289082777401,261.0,E,09
209,RB05,E10,"[166, 167, 168, 169, 171, 176, 178, 179, 185, 265, 266, 267]",T166C_G167A_G168T_T169A_C171G_T176C_C178A_A179C_G185DEL_T265G_T266G_C267T,0.4317275462977821,14.0,E,10
235,RB05,E11,"[166, 167, 168, 169, 170, 171, 175, 176, 177, 178, 180, 265, 267]",T166C_G167A_G168T_T169C_A170C_C171T_C175A_T176C_G177T_C178T_G180T_T265C_C267T,0.1492779120354073,330.0,E,11
213,RB05,E12,"[166, 168, 169, 170, 171, 175, 178, 179, 265, 266, 267]",T166G_G168T_T169A_A170G_C171T_C175G_C178G_A179G_T265C_T266A_C267T,0.2795993568793999,311.0,E,12
248,RB05,F01,"[580, 366, 587]",#PARENT#,1.0,506.0,F,01
222,RB05,F02,"[167, 168, 169, 170, 171, 175, 176, 177, 178, 180, 266, 267]",G167T_G168T_T169G_A170T_C171T_C175A_T176A_G177T_C178T_G180T_T266A_C267G,0.09992577390540663,351.0,F,02
273,RB05,F03,"[166, 167, 168, 169, 170, 171, 175, 177, 179, 180, 265, 267]",T166A_G167C_G168T_T169A_C171T_C175A_A179C_G180T_T265C_C267T,0.03430190621592557,282.0,F,03
255,RB05,F04,"[166, 167, 168, 169, 170, 171, 175, 176, 177, 179, 267]",T166A_G167C_G168T_T169C_A170T_C171G_C175T_T176A_G177T_A179G_C267T,0.050926523202270306,294.0,F,04
260,RB05,F05,"[166, 169, 171, 175, 178, 265, 266, 267]",T166G_T169G_C171T_C175T_C178T_T265G_T266G_C267T,0.8829114940959404,268.0,F,05
246,RB05,F06,"[166, 167, 168, 169, 170, 171, 175, 176, 177, 178, 179, 180, 265, 266, 267]",T166G_G167C_T169A_C171G_T176C_G177T_A179C_G180T_T265C_T266G_C267G,0.003137246604840853,336.0,F,06
226,RB05,F07,"[166, 167, 169, 170, 171, 175, 176, 178, 265, 267]",T166C_G167C_T169A_A170C_C171T_C175G_T176G_C178G_T265G_C267G,0.3579846094436263,376.0,F,07
236,RB05,F08,"[588, 519, 362]",C588T,0.9694998229909473,390.0,F,08
279,RB05,F09,"[167, 169, 171, 175, 176, 178, 179, 180, 265, 266, 267]",G167T_T169C_C171G_C175T_T176C_C178G_A179G_G180T_T265A_T266A_C267G,0.6228078057110218,482.0,F,09
189,RB05,F10,"[356, 511, 112]",C356A_G511A_C112A,,362.0,F,10
256,RB05,F11,"[166, 167, 170, 171, 175, 176, 178, 179, 265, 266, 267]",T166G_G167T_A170G_C171T_C175A_T176G_C178G_A179C_T265C_T266G_C267T,0.5939724054533834,341.0,F,11
206,RB05,F12,"[166, 167, 169, 170, 171, 175, 176, 178, 265, 266, 267]",T166C_G167C_T169A_A170C_C171T_C175G_T176G_C178G_T265A_T266G_C267G,0.3888369071221586,235.0,F,12
225,RB05,G01,"[166, 167, 169, 170, 171, 175, 176, 177, 178, 179, 180, 265, 267]",T166A_G167C_C171T_C175T_T176G_C178A_A179G_G180T_C267G,0.00011291623359975312,242.0,G,01
238,RB05,G02,"[167, 169, 170, 171, 175, 177, 179, 180, 265, 267]",G167C_T169G_A170C_C171T_C175T_G177T_A179G_G180T_T265G_C267T,0.8082594054370857,301.0,G,02
217,RB05,G03,"[263, 442, 585]",G263A_C585A,,306.0,G,03
234,RB05,G04,"[166, 167, 169, 171, 176, 177, 179, 180, 265, 266, 267]",T166G_G167C_T169A_C171G_T176C_G177T_A179C_G180T_T265G_T266C_C267G,0.04988995498363788,266.0,G,04
252,RB05,G05,"[166, 167, 168, 169, 171, 176, 178, 179, 185, 265, 266, 267]",T166C_G167A_G168T_T169A_C171G_T176C_C178A_A179C_G185DEL_T265A_T266A_C267G,0.0025306454258178456,563.0,G,05
230,RB05,G06,"[167, 168, 170, 171, 175, 176, 266, 267]",G167T_G168T_A170T_C171T_C175G_T176C_T266C_C267T,0.5547153181417103,276.0,G,06
210,RB05,G07,"[166, 168, 169, 170, 171, 175, 176, 177, 179, 265, 267]",T166G_G168T_T169A_A170T_C171T_C175G_T176A_G177T_A179T_T265G_C267T,0.08988053747760007,218.0,G,07
203,RB05,G08,"[166, 167, 168, 169, 170, 171, 175, 177, 178, 179, 180, 265, 267]",T166A_G167C_G168T_T169A_C171T_C175A_A179C_G180T_T265A_C267G,0.01858635743939614,548.0,G,08
200,RB05,G09,"[588, 191, 590]",C588T,0.9444154839229699,265.0,G,09
194,RB05,G10,"[166, 167, 168, 169, 170, 171, 176, 179, 265, 266, 267]",T166A_G167C_G168T_T169C_A170G_C171T_T176A_A179C_T265C_T266C_C267T,0.7540032831339151,264.0,G,10
240,RB05,G11,"[166, 167, 168, 169, 170, 171, 175, 176, 178, 179, 185, 265, 266, 267]",T166C_G167A_G168T_T169A_C171G_T176C_C178A_A179C_G185DEL_T265C_T266G_C267G,0.005550832239120916,682.0,G,11
205,RB05,G12,"[166, 167, 168, 169, 171, 175, 179, 180, 265, 266, 267]",T166A_G167C_G168T_T169A_C171T_C175A_A179C_G180T_T265A_T266A_C267T,0.8348156359558965,683.0,G,12
247,RB05,H01,"[559, 341, 396]",#PARENT#,1.0,46.0,H,01
219,RB05,H02,"[102, 20, 126]",#PARENT#,1.0,556.0,H,02
185,RB05,H03,"[166, 167, 168, 169, 170, 171, 175, 176, 177, 178, 179, 185, 265, 267]",T166C_G167A_G168T_T169A_C171G_T176C_C178A_A179C_G185DEL_T265G_C267T,0.0015820461101509458,432.0,H,03
192,RB05,H04,"[167, 169, 170, 171, 175, 177, 179, 180, 266, 267]",G167C_T169G_A170C_C171T_C175T_G177T_A179G_G180T_T266G_C267T,0.713072727774138,172.0,H,04
239,RB05,H05,"[167, 169, 171, 175, 176, 178, 179, 180, 265, 266, 267]",G167T_T169C_C171G_C175T_T176C_C178G_A179G_G180T_T265C_T266A_C267G,0.5833227281846118,300.0,H,05
276,RB05,H06,"[166, 167, 171, 175, 176, 178, 179, 265, 266, 267]",T166C_G167A_C171T_C175A_T176G_C178G_A179G_T265C_T266C_C267T,0.3141857403658673,218.0,H,06
266,RB05,H07,"[413, 557, 122]",T413A_C557A_C122A,,264.0,H,07
224,RB05,H08,"[167, 171, 174, 175, 176, 178, 179, 265, 266, 267]",G167C_C171T_C178G_A179G_T265G_T266A_C267G,0.010973324504987792,243.0,H,08
215,RB05,H09,"[168, 286, 351]",G168A_C351A,,461.0,H,09
258,RB05,H10,"[166, 167, 168, 169, 170, 171, 175, 176, 177, 178, 179, 265, 267]",T166C_G167C_G168T_T169G_A170C_C171G_C175A_T176G_G177T_C178T_A179T_T265G_C267T,0.3102052139329459,295.0,H,10
231,RB05,H11,"[166, 167, 168, 169, 170, 171, 175, 176, 177, 178, 179, 180, 265, 266, 267]",T166A_G167T_A170G_C171G_T176G_C178A_A179C_T265G_T266G_C267T,0.003677296008467395,312.0,H,11
242,RB05,H12,"[167, 168, 169, 170, 171, 175, 176, 177, 178, 179, 265, 267]",G167C_G168T_T169C_A170T_C171G_C175G_T176G_G177T_C178A_A179T_T265G_C267T,0.12840511555962922,452.0,H,12
73,RB06,A02,"[166, 167, 168, 170, 171, 177, 178, 179, 265, 266, 267]",T166C_G167C_G168T_A170G_C171T_G177T_C178A_A179C_T265C_T266A_C267T,0.8212489885797969,150.0,A,02
1,RB06,A03,"[166, 167, 168, 169, 171, 175, 176, 177, 178, 179, 216, 267]",T166C_G167A_G168T_T169G_C171T_C175A_T176A_G177T_C178A_A179T_T216C_C267T,0.3735466851881997,286.0,A,03
4,RB06,A04,"[166, 167, 168, 169, 170, 171, 175, 176, 177, 179, 180, 265, 266, 267]",G167C_T169G_A170C_C171T_C175T_G177T_A179G_G180T_T265A_C267T,0.004059098062510277,154.0,A,04
86,RB06,A05,"[166, 167, 168, 170, 171, 177, 178, 179, 266, 267]",T166C_G167C_G168T_A170G_C171T_G177T_C178A_A179C_T266G_C267G,0.7445038807480896,384.0,A,05
40,RB06,A06,"[167, 168, 169, 170, 171, 175, 176, 178, 179, 180, 266, 267]",G167T_T169C_C171G_C175T_T176C_C178G_A179G_G180T_T266G_C267T,0.024582626090902927,195.0,A,06
31,RB06,A07,"[167, 168, 169, 170, 171, 175, 176, 177, 178, 180, 266, 267]",G167T_G168T_T169G_A170T_C171T_C175A_T176A_G177T_C178T_G180T_T266G_C267T,0.7112036164264598,185.0,A,07
80,RB06,A09,"[167, 168, 169, 170, 171, 175, 176, 177, 179, 180, 266, 267]",G167A_G168T_T169C_A170T_C171T_C175A_T176G_G177T_A179T_G180T_T266C_C267G,0.5863126553729752,156.0,A,09
81,RB06,A11,"[166, 167, 168, 169, 170, 171, 175, 176, 177, 178, 179, 180, 265, 266, 267]",G167A_G168T_T169C_A170T_C171T_C175A_T176G_G177T_A179T_G180T_T265C_T266C_C267T,0.018425615634030685,268.0,A,11
64,RB06,A12,"[167, 168, 169, 170, 171, 175, 176, 177, 180, 265, 267]",G167C_G168T_T169A_A170T_C171G_C175A_T176G_G177T_G180T_T265C_C267T,0.524380200514273,154.0,A,12
15,RB06,B01,"[166, 167, 168, 169, 171, 176, 177, 178, 180, 266, 267]",T166G_G167C_G168T_T169C_C171G_T176A_G177T_C178T_G180T_T266A_C267T,0.6658095784821938,181.0,B,01
7,RB06,B02,"[167, 168, 169, 170, 171, 175, 178, 180, 266, 267]",G167T_G168T_T169A_A170G_C171G_C175A_C178A_G180T_T266A_C267T,0.6241509476560746,339.0,B,02
72,RB06,B03,"[166, 167, 169, 170, 171, 175, 176, 177, 180, 265, 267]",T166A_G167C_T169C_A170T_C171T_C175T_T176C_G177T_G180DEL_T265A_C267T,0.6027654789329513,185.0,B,03
44,RB06,B04,"[588, 2, 401]",C588T,0.98,50.0,B,04
56,RB06,B05,"[166, 168, 171, 174, 177, 178, 179, 265, 266, 267]",T166DEL_G168T_C171G_C174G_G177T_C178T_A179C_T265G_T266C_C267T,0.1769383220961782,188.0,B,05
84,RB06,B06,"[166, 167, 168, 169, 171, 176, 178, 179, 185, 265, 266, 267]",T166C_G167A_G168T_T169A_C171G_T176C_C178A_A179C_G185DEL_T265C_T266A_C267G,0.16600043236466835,331.0,B,06
76,RB06,B07,"[167, 168, 169, 170, 171, 175, 178, 180, 265, 266, 267]",G167T_G168T_T169A_A170G_C171G_C175A_C178A_G180T_T265G_T266C_C267G,0.5976479637230173,130.0,B,07
2,RB06,B08,"[167, 169, 170, 171, 175, 177, 179, 180, 266, 267]",G167C_T169G_A170C_C171T_C175T_G177T_A179G_G180T_T266A_C267T,0.7555077446536206,128.0,B,08
29,RB06,B09,"[167, 168, 169, 170, 171, 175, 176, 177, 178, 179, 180, 266, 267]",G167C_G168T_T169C_A170C_C171T_G177T_C178G_A179T_G180T_T266A_C267G,0.012142516382143052,140.0,B,09
52,RB06,B10,"[166, 167, 168, 169, 170, 171, 175, 176, 177, 180, 265, 266, 267]",T166A_G167C_G168T_T169A_A170T_C171G_C175A_T176G_G177T_G180T_T265G_T266C_C267T,0.021520224897502053,167.0,B,10
34,RB06,B11,"[166, 167, 168, 169, 170, 171, 176, 179, 265, 266, 267]",T166A_G167C_G168T_T169C_A170G_C171T_T176A_A179C_T265C_T266A_C267T,0.2544559601789233,344.0,B,11
68,RB06,B12,"[166, 167, 171, 175, 176, 178, 179, 265, 266, 267]",T166C_G167A_C171T_C175A_T176G_C178G_A179G_T265C_T266C_C267T,0.28030080232315324,153.0,B,12
89,RB06,C01,"[167, 168, 169, 170, 171, 175, 176, 177, 179, 180, 265, 267]",G167A_G168T_T169C_A170T_C171T_C175A_T176G_G177T_A179T_G180T_T265G_C267T,0.058465149614798886,181.0,C,01
43,RB06,C02,"[167, 168, 169, 170, 171, 175, 176, 177, 180, 266, 267]",G167C_G168T_T169A_A170T_C171G_C175A_T176G_G177T_G180T_T266G_C267T,0.5014693449160055,171.0,C,02
74,RB06,C03,"[166, 167, 169, 170, 171, 175, 176, 177, 180, 266, 267]",T166A_G167C_T169C_A170T_C171T_C175T_T176C_G177T_G180DEL_T266G_C267T,0.566519522919179,350.0,C,03
12,RB06,C04,"[167, 168, 169, 170, 171, 175, 176, 177, 178, 179, 180, 265, 266, 267]",G167T_T169C_C171G_C175T_T176C_C178G_A179G_G180T_T265G_T266G_C267G,0.0019265636995797724,146.0,C,04
38,RB06,C05,"[588, 250, 5]",C588T,0.9754187125898159,202.0,C,05
23,RB06,C06,"[166, 168, 169, 170, 171, 175, 176, 177, 179, 265, 266, 267]",T166C_G168T_T169A_A170G_C171T_C175G_T176C_G177T_A179G_T265G_T266G_C267G,0.2213825842976862,339.0,C,06
27,RB06,C07,"[166, 167, 168, 169, 170, 171, 175, 176, 177, 178, 179, 265, 266, 267]",T166A_A170G_C171T_C175G_T176G_C178G_A179G_T265C_T266G_C267G,0.001426136094735728,171.0,C,07
54,RB06,C08,"[166, 167, 168, 169, 170, 171, 175, 176, 177, 178, 179, 180, 266, 267]",T166G_G167T_G168T_A170C_C171G_C175A_C178T_A179T_G180T_T266A_C267G,0.0006923299995322201,217.0,C,08
39,RB06,C09,"[167, 168, 169, 170, 171, 175, 178, 180, 265, 266, 267]",G167T_G168T_T169A_A170G_C171G_C175A_C178A_G180T_T265A_T266C_C267T,0.28067128239817346,204.0,C,09
32,RB06,C10,"[164, 166, 167, 168, 169, 170, 171, 175, 176, 177, 178, 179, 265, 266, 267]",T166G_G167C_A170G_C171T_C175T_T176C_G177T_C178G_T265A_T266C_C267G,0.0010355295566881009,146.0,C,10
79,RB06,C11,"[201, 558, 594]",C201A_C594A,,359.0,C,11
22,RB06,C12,"[167, 168, 169, 170, 171, 175, 176, 177, 178, 179, 180, 265, 266, 267]",G167T_T169C_C171G_C175T_T176C_C178G_A179G_G180T_T265G_T266A_C267T,0.005592032300289128,241.0,C,12
5,RB06,D01,"[166, 167, 169, 171, 176, 177, 179, 180, 265, 266, 267]",T166G_G167C_T169A_C171G_T176C_G177T_A179C_G180T_T265C_T266A_C267G,0.6654603745420469,191.0,D,01
65,RB06,D02,"[166, 167, 169, 170, 171, 175, 176, 177, 178, 179, 180, 265, 266, 267]",T166C_G167A_C171T_C175T_A179G_T265C_T266G_C267G,0.0015953261768032999,306.0,D,02
87,RB06,D03,"[166, 168, 171, 174, 177, 178, 179, 265, 267]",T166DEL_G168T_C171G_C174G_G177T_C178T_A179C_T265A_C267T,0.15137098652248213,181.0,D,03
13,RB06,D04,"[166, 167, 169, 170, 171, 175, 176, 178, 266, 267]",T166C_G167C_T169A_A170C_C171T_C175G_T176G_C178G_T266C_C267G,0.10415175731871243,337.0,D,04
55,RB06,D05,"[167, 168, 169, 170, 171, 177, 178, 179, 180, 265, 266, 267]",G167C_G168T_T169C_A170C_C171T_G177T_C178G_A179T_G180T_T265C_T266C_C267G,0.6273497827704919,484.0,D,05
83,RB06,D06,"[588, 268, 245]",C588T,0.9780511944730151,227.0,D,06
19,RB06,D07,"[167, 171, 174, 175, 176, 178, 179, 265, 266, 267]",G167C_C171T_C175T_T176G_C178G_A179G_T265A_T266A_C267G,0.1133804853008928,466.0,D,07
10,RB06,D08,"[167, 168, 170, 171, 175, 176, 178, 179, 180, 266, 267]",G167C_G168T_A170G_C171G_C175T_T176G_C178A_A179G_G180T_T266C_C267G,0.4306454647983139,470.0,D,08
25,RB06,D09,"[167, 169, 170, 171, 175, 177, 179, 180, 265, 266, 267]",G167C_T169G_A170C_C171T_C175T_G177T_A179G_G180T_T265A_T266G_C267G,0.7620278337744921,239.0,D,09
61,RB06,D10,"[166, 167, 170, 171, 175, 176, 177, 178, 265, 267]",T166G_G167C_A170G_C171T_C175T_T176C_G177T_C178G_T265G_C267G,0.6172994644110422,334.0,D,10
18,RB06,D11,"[422, 498, 532]",T422A_G498A_G532A,,191.0,D,11
62,RB06,E01,"[166, 167, 168, 169, 170, 171, 175, 176, 177, 178, 265, 266, 267]",T166A_G168T_T169A_A170T_C171T_C175G_G177T_C178A_T265G_T266G_C267G,0.007956857796406742,260.0,E,01
70,RB06,E02,"[166, 167, 170, 171, 175, 176, 177, 178, 179, 180, 265, 267]",T166A_G167C_A170C_C171T_C175G_T176G_G177T_C178A_A179T_T265C_C267G,0.04429407221732165,189.0,E,02
77,RB06,E03,"[167, 168, 169, 170, 171, 175, 176, 177, 180, 265, 267]",G167C_G168T_T169A_A170T_C171G_C175A_T176G_G177T_G180T_T265C_C267G,0.5574323351174462,189.0,E,03
78,RB06,E04,"[166, 167, 168, 170, 171, 175, 177, 178, 179, 266, 267]",T166G_G167T_G168T_A170T_C171T_C175T_G177T_C178A_A179T_T266G_C267T,0.5458118469130239,231.0,E,04
16,RB06,E05,"[166, 167, 168, 169, 170, 171, 175, 178, 179, 265, 266, 267]",T166C_G167C_G168T_T169C_A170T_C171G_C175T_C178A_A179T_T265G_T266C_C267T,0.3806393057621424,201.0,E,05
9,RB06,E06,"[166, 167, 169, 170, 171, 175, 176, 177, 180, 267]",T166A_G167C_T169C_A170T_C171T_C175T_T176C_G177T_G180DEL_C267T,0.7971179303196977,202.0,E,06
48,RB06,E07,"[588, 422, 495]",C588T,0.9472127988051914,206.0,E,07
60,RB06,E08,"[166, 167, 170, 171, 175, 176, 177, 178, 265, 266, 267]",T166G_G167C_A170G_C171T_C175T_T176C_G177T_C178G_T265A_T266A_C267G,0.6551786098879323,483.0,E,08
11,RB06,E09,"[166, 167, 168, 169, 170, 171, 175, 176, 177, 178, 179, 180, 265, 266, 267]",G167C_G168T_T169A_C171T_C175G_T176G_G177T_G180T_T265G_T266G_C267T,0.0009763732169072932,143.0,E,09
20,RB06,E10,"[166, 167, 170, 171, 175, 176, 177, 178, 265, 266, 267]",T166G_G167C_A170G_C171T_C175T_T176C_G177T_C178G_T265C_T266A_C267G,0.6783768482309829,50.0,E,10
46,RB06,E11,"[166, 167, 168, 169, 170, 171, 176, 177, 178, 180, 265, 266, 267]",T166C_G167C_G168T_T169C_A170C_C171G_T176A_G177T_C178A_G180T_T265G_T266G_C267T,0.6299882943757994,190.0,E,11
24,RB06,E12,"[166, 167, 170, 171, 175, 176, 177, 178, 265, 266, 267]",T166G_G167C_A170G_C171T_C175T_T176C_G177T_C178G_T265C_T266C_C267T,0.18532734243116172,214.0,E,12
59,RB06,F01,"[166, 167, 168, 169, 170, 171, 175, 176, 177, 178, 179, 180, 266, 267]",T166G_G167C_G168T_T169C_C171G_T176A_G177T_C178T_G180T_T266C_C267T,0.001285527887445519,287.0,F,01
33,RB06,F02,"[167, 168, 169, 170, 171, 175, 176, 177, 178, 179, 180, 265, 266, 267]",G167C_G168T_T169C_A170C_C171T_G177T_C178G_A179T_G180T_T266A_C267G,0.00938306210321387,171.0,F,02
82,RB06,F03,"[166, 167, 168, 170, 171, 175, 176, 178, 179, 180, 265, 266, 267]",T166C_G167A_C171T_C175A_T176G_C178G_A179G_T265A_T266G_C267T,0.008332200767258288,119.0,F,03
66,RB06,F04,"[220, 163, 443]",T163A_C443A,,153.0,F,04
71,RB06,F05,"[167, 168, 169, 170, 171, 175, 176, 177, 180, 267]",G167C_G168T_T169A_A170T_C171G_C175A_T176G_G177T_G180T_C267T,0.48403407256164016,132.0,F,05
57,RB06,F06,"[166, 167, 169, 171, 176, 177, 179, 180, 265, 266, 267]",T166G_G167C_T169A_C171G_T176C_G177T_A179C_G180T_T265C_T266A_C267G,0.7292578058057513,224.0,F,06
37,RB06,F07,"[166, 167, 168, 170, 171, 175, 177, 178, 179, 265, 266, 267]",T166G_G167T_G168T_A170T_C171T_C175T_G177T_C178A_A179T_T265A_T266G_C267T,0.13727366839878521,237.0,F,07
47,RB06,F08,"[588, 201, 355]",C588T,0.9588177083333334,240.0,F,08
88,RB06,F09,"[166, 167, 168, 169, 170, 171, 175, 176, 177, 178, 179, 180, 267]",G167C_G168T_T169A_A170T_C171G_C175A_T176G_G177T_G180T_C267T,0.014051625731758879,387.0,F,09
3,RB06,F10,"[166, 167, 168, 169, 170, 171, 175, 179, 264, 266, 267]",T166C_G167A_G168T_T169C_A170T_C171G_C175G_A179T_T264DEL_T266G_C267G,0.597211336093928,242.0,F,10
67,RB06,F11,"[166, 167, 170, 171, 175, 176, 177, 178, 179, 265, 266, 267]",T166A_G167C_A170C_C171T_C175G_T176G_G177T_C178A_A179T_T265A_T266C_C267G,0.07808982963084526,207.0,F,11
36,RB06,G01,"[166, 167, 168, 169, 170, 171, 176, 179, 265, 266, 267]",T166A_G167C_G168T_T169C_A170G_C171T_T176A_A179C_T265G_T266C_C267T,0.72821052226628,173.0,G,01
49,RB06,G02,"[167, 169, 171, 175, 176, 178, 179, 180, 265, 266, 267]",G167T_T169C_C171G_C175T_T176C_C178G_A179G_G180T_T265A_T266C_C267G,0.0897947838217422,158.0,G,02
28,RB06,G03,"[166, 167, 170, 171, 175, 176, 177, 178, 179, 266, 267]",T166A_G167C_A170C_C171T_C175G_T176G_G177T_C178A_A179T_T266A_C267T,0.24492213397782797,154.0,G,03
45,RB06,G04,"[166, 167, 168, 169, 170, 171, 175, 176, 177, 178, 179, 265, 267]",T166A_G167C_G168T_T169C_A170G_C171T_T176A_A179C_T265C_C267G,0.0075794840317500705,183.0,G,04
63,RB06,G05,"[553, 29, 257]",T553A_G257A,,347.0,G,05
41,RB06,G06,"[216, 457, 273]",T216A_T457A_G273A,,182.0,G,06
21,RB06,G07,"[166, 167, 168, 169, 170, 171, 175, 176, 177, 178, 267]",T166C_G167C_T169A_A170C_C171T_C175G_T176G_C178G_C267G,0.012273776805922773,141.0,G,07
17,RB06,G08,"[166, 167, 170, 171, 175, 176, 177, 178, 179, 265, 266, 267]",T166A_G167C_A170C_C171T_C175G_T176G_G177T_C178A_A179T_T265C_T266C_C267T,0.07472235553748782,404.0,G,08
14,RB06,G09,"[588, 11, 521]",C588T,0.9469582855733378,205.0,G,09
8,RB06,G10,"[167, 168, 169, 170, 171, 175, 176, 177, 179, 180, 265, 266, 267]",G167C_T169G_A170C_C171T_C175T_T176G_G177T_A179G_T266A_C267T,0.0007371309769702645,182.0,G,10
51,RB06,G11,"[166, 167, 168, 169, 170, 171, 175, 176, 177, 178, 179, 265, 266, 267]",T166C_G167C_G168T_T169G_A170C_C171G_C175A_T176G_G177T_C178T_A179T_T265G_T266A_C267G,0.3056257323105724,441.0,G,11
58,RB06,H01,,,,,H,01
30,RB06,H02,"[36, 166, 167, 168, 169, 171, 175, 176, 177, 178, 179, 265, 266, 267]",G36T_T166C_G167A_G168T_T169G_C171T_C175A_T176A_G177T_C178A_A179T_T265G_T266C_C267T,0.502516987497145,360.0,H,02
0,RB06,H03,"[468, 590, 506]",G468A_C506A,,302.0,H,03
6,RB06,H04,"[167, 169, 170, 171, 175, 177, 179, 180, 265, 267]",G167C_T169G_A170C_C171T_C175T_G177T_A179G_G180T_T265A_C267G,0.7724958557348218,118.0,H,04
50,RB06,H05,"[166, 167, 168, 169, 171, 175, 179, 180, 265, 266, 267]",T166A_G167C_G168T_T169A_C171T_C175A_A179C_G180T_T265C_T266G_C267G,0.6556380091691123,192.0,H,05
85,RB06,H06,"[166, 167, 169, 170, 171, 175, 176, 178, 179, 180, 265, 266, 267]",T166G_G167C_T169G_A170T_C171T_C175T_T176A_C178A_A179C_G180T_T265G_T266G_C267T,0.4132606122480382,155.0,H,06
75,RB06,H07,"[166, 167, 169, 171, 176, 177, 179, 180, 266, 267]",T166G_G167C_T169A_C171G_T176C_G177T_A179C_G180T_T266A_C267T,0.774386776426687,175.0,H,07
35,RB06,H08,"[167, 168, 170, 171, 175, 176, 178, 179, 180, 266, 267]",G167C_G168T_A170G_C171G_C175T_T176G_C178A_A179G_G180T_T266G_C267T,0.33428806527695076,230.0,H,08
26,RB06,H09,"[166, 167, 168, 169, 170, 171, 175, 176, 177, 178, 180, 265, 267]",T166C_G167A_G168T_T169C_A170C_C171T_C175A_T176C_G177T_C178T_G180T_T265G_C267T,0.5578404048585858,338.0,H,09
69,RB06,H10,"[166, 167, 168, 169, 171, 175, 179, 180, 265, 267]",T166A_G167C_G168T_T169A_C171T_C175A_A179C_G180T_T265C_C267G,0.6999985430268185,203.0,H,10
42,RB06,H11,"[123, 419, 311]",T123A_C419A,,155.0,H,11
53,RB06,H12,"[166, 168, 169, 170, 171, 175, 177, 178, 266, 267]",T166A_G168T_T169A_A170T_C171T_C175G_G177T_C178A_T266A_C267G,0.5060975486401932,320.0,H,12
359,RB07,A01,"[166, 167, 170, 171, 175, 176, 177, 178, 179, 265, 267]",T166A_G167C_A170C_C171T_C175G_T176G_G177T_C178A_A179T_T265C_C267T,0.3068648384209179,201.0,A,01
358,RB07,A02,"[166, 167, 168, 169, 171, 175, 177, 178, 179, 180, 265, 267]",T166C_G167A_G168T_T169A_C171T_C175G_G177T_C178T_A179G_G180T_T265A_C267G,0.7846174239565893,263.0,A,02
282,RB07,A03,"[166, 167, 168, 169, 170, 171, 175, 176, 178, 179, 267]",T166G_A170G_C171G_C178G_A179G_C267T,0.002519802532710789,261.0,A,03
286,RB07,A04,"[166, 167, 168, 169, 170, 171, 175, 176, 177, 178, 179, 180, 265, 266, 267]",T166C_G167A_C171T_C175A_T176A_C178G_A179G_T265G_T266A_C267T,0.0018002623599505713,177.0,A,04
370,RB07,A05,"[166, 167, 171, 175, 176, 178, 179, 265, 267]",T166C_G167A_C171T_C175A_T176G_C178G_A179G_T265C_C267G,0.21688580676014294,345.0,A,05
325,RB07,A06,"[166, 167, 168, 169, 170, 171, 175, 178, 180, 266, 267]",T166A_G167A_G168T_T169A_A170T_C171G_C175G_C178G_G180T_T266G_C267T,0.531408888574882,309.0,A,06
316,RB07,A07,"[166, 167, 171, 175, 176, 178, 179, 265, 266, 267]",T166C_G167A_C171T_C175A_T176G_C178G_A179G_T265G_T266G_C267T,0.23837155508409075,248.0,A,07
361,RB07,A08,"[167, 171, 176, 177, 178, 179, 265, 267]",G167C_C171T_T176C_G177T_C178A_A179C_T265G_C267G,0.7124565992856716,197.0,A,08
365,RB07,A09,"[167, 168, 169, 170, 171, 175, 176, 177, 180, 265, 267]",G167C_G168T_T169A_A170T_C171G_C175A_T176G_G177T_G180T_T265G_C267G,0.5631561835600583,228.0,A,09
303,RB07,A10,"[166, 167, 171, 175, 176, 178, 179, 266, 267]",T166C_G167A_C171T_C175A_T176G_C178G_A179G_T266A_C267G,0.20650444054874578,207.0,A,10
366,RB07,A11,"[166, 167, 168, 169, 170, 171, 175, 176, 177, 179, 267]",T166A_G167C_G168T_T169C_A170T_C171G_C175T_T176A_G177T_A179G_C267G,0.009671481651668803,288.0,A,11
349,RB07,A12,"[167, 168, 169, 170, 171, 175, 176, 177, 180, 265, 266, 267]",G167C_G168T_T169A_A170T_C171G_C175A_T176G_G177T_G180T_T265C_T266A_C267T,0.5111685086484656,165.0,A,12
297,RB07,B01,"[166, 167, 168, 169, 170, 171, 175, 176, 177, 178, 179, 180, 265, 266, 267]",T166A_G167C_A170C_C171T_C175G_T176G_G177T_C178A_A179T_T265G_T266G_C267G,0.006162978582748819,270.0,B,01
289,RB07,B02,"[166, 167, 170, 171, 175, 176, 177, 178, 179, 265, 267]",T166A_G167C_A170C_C171T_C175G_T176G_G177T_C178A_A179T_T265C_C267T,0.37897158909118706,334.0,B,02
357,RB07,B03,"[503, 163, 532]",C503A_T163A_G532A,,221.0,B,03
329,RB07,B04,"[588, 122, 74]",C588T,0.9708044982698963,68.0,B,04
341,RB07,B05,"[166, 167, 168, 169, 171, 175, 179, 180, 266, 267]",T166A_G167C_G168T_T169A_C171T_C175A_A179C_G180T_T266C_C267T,0.43312148298562797,271.0,B,05
369,RB07,B06,"[167, 168, 170, 171, 175, 176, 178, 179, 180, 266, 267, 468]",G167C_G168T_A170G_C171G_C175T_T176G_C178A_A179G_G180T_T266G_C267T_G468T,0.42375678576126957,346.0,B,06
362,RB07,B07,"[167, 168, 169, 170, 171, 175, 176, 177, 179, 180, 265, 266, 267]",G167A_G168T_T169C_A170T_C171T_C175A_T176G_G177T_A179T_G180T_T265C_T266A_C267T,0.007941958562029191,204.0,B,07
283,RB07,B08,"[166, 167, 168, 169, 170, 171, 175, 176, 177, 178, 179, 265, 266, 267]",T166C_G167C_G168T_T169G_A170C_C171G_C175A_T176G_G177T_C178T_A179T_T265C_T266C_C267T,0.33594424242764254,190.0,B,08
314,RB07,B09,"[166, 167, 169, 170, 171, 175, 177, 178, 179, 180, 265, 267]",T166A_G167T_T169G_A170T_C171G_C175A_G177T_C178T_A179C_G180T_T265G_C267T,0.6093636906985205,284.0,B,09
337,RB07,B10,"[166, 168, 169, 170, 171, 175, 177, 178, 265, 266, 267]",T166A_G168T_T169A_A170T_C171T_C175G_G177T_C178A_T265G_T266G_C267G,0.48477746222258616,253.0,B,10
319,RB07,B11,"[166, 167, 171, 175, 176, 178, 179, 267]",T166C_G167A_C171T_C175A_T176G_C178G_A179G_C267T,0.22754117857758036,296.0,B,11
353,RB07,B12,"[167, 169, 171, 175, 176, 178, 179, 180, 265, 266, 267, 509]",G167T_T169C_C171G_C175T_T176C_C178G_A179G_G180T_T265G_T266C_C267G_G509A,0.17263469235859036,238.0,B,12
328,RB07,C02,"[166, 167, 169, 170, 171, 175, 176, 177, 180, 265, 266, 267]",T166A_G167C_T169C_A170T_C171T_C175T_T176C_G177T_G180DEL_T265G_T266A_C267G,0.19351595323524412,271.0,C,02
360,RB07,C03,"[166, 168, 169, 170, 171, 175, 177, 178, 265, 266, 267]",T166A_G168T_T169A_A170T_C171T_C175G_G177T_C178A_T265G_T266G_C267G,0.5081303533276498,308.0,C,03
294,RB07,C04,"[166, 167, 168, 169, 170, 171, 175, 176, 177, 178, 180, 265, 266, 267]",T166C_G167A_G168T_T169C_A170C_C171T_C175A_T176C_G177T_C178T_G180T_T265G_T266G_C267G,0.6395825631861564,187.0,C,04
323,RB07,C05,"[588, 138, 325]",C588T,0.9521298043579943,249.0,C,05
308,RB07,C06,"[80, 233, 417]",C80A_T233A_T417A,,257.0,C,06
312,RB07,C07,"[166, 167, 169, 170, 171, 175, 176, 178, 266, 267]",T166C_G167C_T169A_A170C_C171T_C175G_T176G_C178G_T266G_C267T,0.2989836299695571,238.0,C,07
339,RB07,C08,"[395, 157, 438]",T157A_T438A,,243.0,C,08
324,RB07,C09,"[167, 169, 171, 175, 176, 178, 179, 180, 265, 266, 267]",G167T_T169C_C171G_C175T_T176C_C178G_A179G_G180T_T265A_T266C_C267T,0.6505257391862493,236.0,C,09
317,RB07,C10,"[166, 167, 168, 169, 170, 171, 175, 178, 180, 265, 267]",T166A_G167A_G168T_T169A_A170T_C171G_C175G_C178G_G180T_T265G_C267T,0.7033911683563937,278.0,C,10
364,RB07,C11,"[166, 167, 168, 169, 171, 176, 178, 179, 185, 265, 266, 267]",T166C_G167A_G168T_T169A_C171G_T176C_C178A_A179C_G185DEL_T265A_T266A_C267T,0.05514266248635348,289.0,C,11
307,RB07,C12,"[166, 169, 171, 175, 178, 265, 267]",T166G_T169G_C171T_C175T_C178T_T265A_C267T,0.2871387881628939,258.0,C,12
287,RB07,D01,"[167, 168, 169, 170, 171, 175, 176, 177, 180, 265, 266, 267]",G167C_G168T_T169A_A170T_C171G_C175A_T176G_G177T_G180T_T265A_T266G_C267G,0.11297856641472985,267.0,D,01
350,RB07,D02,"[166, 167, 168, 169, 170, 171, 175, 179, 265, 267]",T166C_G167A_G168T_T169C_A170T_C171G_C175G_A179T_T265C_C267G,0.24905107511024868,319.0,D,02
371,RB07,D03,"[167, 168, 169, 170, 171, 175, 176, 177, 180, 265, 266, 267]",G167C_G168T_T169A_A170T_C171G_C175A_T176G_G177T_G180T_T265A_T266G_C267G,0.45035961305308436,286.0,D,03
295,RB07,D04,"[166, 167, 168, 170, 171, 175, 176, 177, 178, 179, 180, 265, 266, 267]",T166G_G167T_G168T_A170C_C171G_C175A_C178T_A179T_G180T_T265A_T266C_C267G,0.001849930734698348,271.0,D,04
340,RB07,D05,"[166, 167, 169, 170, 171, 175, 176, 178, 266, 267]",T166C_G167C_T169A_A170C_C171T_C175G_T176G_C178G_T266A_C267G,0.26627978621717074,243.0,D,05
368,RB07,D06,"[588, 160, 156]",C588T,0.9627834919451598,293.0,D,06
304,RB07,D07,"[166, 167, 168, 169, 170, 171, 175, 176, 177, 178, 266, 267]",T166A_G168T_T169A_A170T_C171T_C175G_G177T_C178A_T266C_C267T,0.008007652816513191,237.0,D,07
292,RB07,D08,"[166, 168, 169, 170, 171, 175, 177, 178, 265, 266, 267]",T166A_G168T_T169A_A170T_C171T_C175G_G177T_C178A_T265A_T266G_C267G,0.07675959016010997,268.0,D,08
310,RB07,D09,"[166, 167, 170, 171, 175, 176, 177, 178, 266, 267]",T166G_G167C_A170G_C171T_C175T_T176C_G177T_C178G_T266A_C267G,0.6661164501112382,281.0,D,09
346,RB07,D10,"[166, 167, 170, 171, 175, 176, 177, 178, 179, 266, 267]",T166A_G167C_A170C_C171T_C175G_T176G_G177T_C178A_A179T_T266G_C267G,0.30891743607216404,266.0,D,10
300,RB07,D11,"[166, 167, 169, 170, 171, 175, 176, 178, 265, 267]",T166C_G167C_T169A_A170C_C171T_C175G_T176G_C178G_T265C_C267T,0.4441785063723826,243.0,D,11
284,RB07,D12,"[358, 378, 546]",C378A_G546A,,262.0,D,12
347,RB07,E01,"[167, 168, 169, 170, 171, 177, 178, 179, 180, 265, 266, 267]",G167C_G168T_T169C_A170C_C171T_G177T_C178G_A179T_G180T_T265G_T266A_C267T,0.6953784775095215,345.0,E,01
355,RB07,E02,"[167, 169, 170, 171, 175, 177, 179, 180, 267]",G167C_T169G_A170C_C171T_C175T_G177T_A179G_G180T_C267G,0.6871087549385644,257.0,E,02
363,RB07,E03,"[167, 168, 170, 171, 175, 176, 178, 179, 180, 266, 267]",G167C_G168T_A170G_C171G_C175T_T176G_C178A_A179G_G180T_T266G_C267G,0.37467686003633144,263.0,E,03
298,RB07,E05,"[166, 167, 168, 169, 170, 171, 175, 176, 177, 178, 179, 265, 267]",T166A_G167C_G168T_T169C_A170G_C171T_T176A_A179C_T265G_C267T,0.01798660013955144,246.0,E,05
291,RB07,E06,"[167, 168, 169, 170, 171, 175, 176, 177, 178, 179, 180, 265, 266, 267]",G167T_T169C_C171G_C175T_T176C_C178G_A179G_G180T_T265G_T266G_C267G,0.005141505188652965,284.0,E,06
333,RB07,E07,"[588, 438, 432]",C588T,0.9387731552124022,128.0,E,07
345,RB07,E08,"[166, 167, 168, 170, 171, 175, 177, 178, 179, 267, 285]",T166G_G167T_G168T_A170T_C171T_C175T_G177T_C178A_A179T_C267T_T285C,0.007930108452841969,224.0,E,08
293,RB07,E09,"[166, 167, 168, 169, 170, 171, 175, 179, 266, 267]",T166C_G167A_G168T_T169C_A170T_C171G_C175G_A179T_T266G_C267G,0.7187642959381887,204.0,E,09
305,RB07,E10,"[88, 111, 349]",T88A_T111A_C349A,,36.0,E,10
331,RB07,E11,"[166, 167, 168, 169, 171, 175, 179, 180, 266, 267]",T166A_G167C_G168T_T169A_C171T_C175A_A179C_G180T_T266A_C267T,0.8673928179847801,241.0,E,11
309,RB07,E12,"[166, 167, 168, 169, 171, 175, 179, 180, 265, 267]",T166A_G167C_G168T_T169A_C171T_C175A_A179C_G180T_T265A_C267T,0.8181341214728689,242.0,E,12
344,RB07,F01,"[166, 167, 168, 169, 171, 175, 179, 180, 265, 266, 267]",T166A_G167C_G168T_T169A_C171T_C175A_A179C_G180T_T265G_T266A_C267G,0.7161740509574698,277.0,F,01
318,RB07,F02,"[166, 167, 170, 171, 175, 176, 177, 178, 265, 266, 267]",T166G_G167C_A170G_C171T_C175T_T176C_G177T_C178G_T265G_T266G_C267T,0.24302376096971218,223.0,F,02
367,RB07,F03,"[166, 167, 169, 171, 175, 176, 178, 265, 267]",T166G_T169G_C171T_C175T_C178T_T265A_C267G,0.09696335469284025,210.0,F,03
351,RB07,F04,"[166, 167, 168, 169, 171, 174, 175, 177, 178, 179, 265, 266, 267]",T166DEL_G168T_C171G_C174G_G177T_C178T_A179C_T265G_T266G_C267T,0.013493579424430085,205.0,F,04
356,RB07,F05,"[167, 168, 169, 170, 171, 175, 176, 177, 180, 265, 267]",G167C_G168T_T169A_A170T_C171G_C175A_T176G_G177T_G180T_T265C_C267G,0.43426088834061555,154.0,F,05
342,RB07,F06,"[166, 167, 169, 170, 171, 175, 176, 177, 180, 265, 266, 267]",T166A_G167C_T169C_A170T_C171T_C175T_T176C_G177T_G180DEL_T265A_T266A_C267G,0.5900416072941621,244.0,F,06
322,RB07,F07,"[166, 167, 170, 171, 175, 176, 177, 178, 179, 265, 266, 267]",T166A_G167C_A170C_C171T_C175G_T176G_G177T_C178A_A179T_T265G_T266C_C267T,0.26231794096494854,251.0,F,07
332,RB07,F08,"[588, 146, 297]",C588T,0.9629667968750001,240.0,F,08
372,RB07,F09,"[166, 167, 168, 169, 171, 175, 177, 178, 267]",T166A_G167A_G168T_T169A_C171T_C175G_G177T_C178G_C267T,0.8407486495684062,257.0,F,09
373,RB07,F09,"[166, 167, 168, 169, 170, 171, 175, 176, 177, 180, 265, 267]",G167C_G168T_T169A_A170T_C171G_C175A_T176G_G177T_G180T_T265G_C267G,0.03409407150878118,269.0,F,09
285,RB07,F10,"[167, 168, 169, 170, 171, 175, 176, 177, 180, 265, 266, 267]",G167C_G168T_T169A_A170T_C171G_C175A_T176G_G177T_G180T_T265A_T266G_C267G,0.552818640063234,272.0,F,10
352,RB07,F11,"[576, 307, 424]",C576A_C307A,,224.0,F,11
302,RB07,F12,"[167, 168, 169, 170, 171, 175, 176, 177, 178, 180, 265, 266, 267]",G167T_G168T_T169G_A170T_C171T_C175A_T176A_G177T_C178T_G180T_T265G_T266G_C267G,0.7300962482844092,149.0,F,12
321,RB07,G01,"[166, 167, 169, 170, 171, 175, 176, 177, 180, 265, 266, 267]",T166A_G167C_T169C_A170T_C171T_C175T_T176C_G177T_G180DEL_T265A_T266C_C267G,0.5874236362881113,210.0,G,01
334,RB07,G02,"[166, 167, 168, 169, 170, 171, 176, 179, 266, 267]",T166A_G167C_G168T_T169C_A170G_C171T_T176A_A179C_T266A_C267T,0.6356411170885197,202.0,G,02
313,RB07,G03,"[166, 167, 169, 170, 171, 175, 176, 178, 267]",T166C_G167C_T169A_A170C_C171T_C175G_T176G_C178G_C267T,0.45647461767416075,224.0,G,03
330,RB07,G04,"[67, 233, 51]",T233A,,251.0,G,04
348,RB07,G05,"[166, 167, 168, 169, 171, 176, 178, 179, 185, 265, 266, 267]",T166C_G167A_G168T_T169A_C171G_T176C_C178A_A179C_G185DEL_T265A_T266C_C267G,0.5358466139154071,277.0,G,05
326,RB07,G06,"[166, 167, 168, 169, 171, 175, 176, 178, 179, 180, 265, 267]",G167T_T169C_C171G_C175T_T176C_C178G_A179G_G180T_T265G_C267G,0.002638994950771102,191.0,G,06
306,RB07,G07,"[166, 167, 168, 169, 171, 175, 177, 178, 265, 266, 267]",T166A_G167A_G168T_T169A_C171T_C175G_G177T_C178G_T265C_T266G_C267G,0.6872938039319406,230.0,G,07
299,RB07,G08,"[166, 167, 168, 169, 171, 175, 179, 180, 265, 267]",T166A_G167C_G168T_T169A_C171T_C175A_A179C_G180T_T265G_C267G,0.7973623709604855,273.0,G,08
296,RB07,G09,"[588, 278, 110]",C588T,0.9636517328825019,273.0,G,09
290,RB07,G10,"[166, 167, 169, 170, 171, 175, 176, 178, 179, 180, 265, 267]",T166G_G167C_T169G_A170T_C171T_C175T_T176A_C178A_A179C_G180T_T265G_C267T,0.6051697331889015,237.0,G,10
336,RB07,G11,"[166, 167, 168, 169, 171, 175, 179, 180, 265, 267]",T166A_G167C_G168T_T169A_C171T_C175A_A179C_G180T_T265G_C267G,0.8533789942063061,280.0,G,11
301,RB07,G12,"[166, 167, 168, 169, 170, 171, 175, 176, 177, 178, 179, 265, 266, 267]",T166C_G167A_G168T_T169G_C171T_C175A_T176A_G177T_C178A_A179T_T265G_T266G_C267G,0.005395465489600605,231.0,G,12
343,RB07,H01,"[237, 19, 363]",#PARENT#,0.941084207430644,101.0,H,01
315,RB07,H02,"[166, 167, 169, 170, 171, 175, 176, 178, 265, 266, 267]",T166G_G167C_T169A_A170C_C171T_C175G_T176G_C178G_T265C_T266C_C267G,0.14612511657129343,270.0,H,02
281,RB07,H03,"[167, 169, 170, 171, 175, 177, 179, 180, 266, 267]",G167C_T169G_A170C_C171T_C175T_G177T_A179G_G180T_T266A_C267G,0.8324235247367708,204.0,H,03
288,RB07,H04,"[268, 370, 95]",#PARENT#,0.9836737436173072,122.0,H,04
335,RB07,H05,"[166, 167, 168, 169, 170, 171, 175, 176, 177, 178, 180, 265, 266, 267]",T166C_G167A_G168T_T169C_A170C_C171T_C175A_T176C_G177T_C178T_G180T_T265G_T266A_C267G,0.5115893499405422,199.0,H,05
320,RB07,H08,"[167, 168, 170, 171, 175, 176, 178, 179, 180, 265, 267]",G167C_G168T_A170G_C171G_C175T_T176G_C178A_A179G_G180T_T265G_C267T,0.5670044441327738,82.0,H,08
311,RB07,H09,,,,,H,09
354,RB07,H10,"[25, 366, 304]",G25A_G366A_G304A,,108.0,H,10
327,RB07,H11,"[166, 167, 168, 169, 170, 171, 175, 176, 177, 178, 179, 180, 265, 266, 267]",T166C_G167C_G168T_T169G_A170C_C171G_C175A_T176G_G177T_C178T_A179T_T265A_T266A_C267T,0.00445039487260362,103.0,H,11
338,RB07,H12,"[166, 167, 168, 169, 170, 171, 175, 176, 177, 179, 180, 265, 266, 267]",T166A_G167C_G168T_T169A_C171T_C175A_A179C_G180T_T266G_C267T,0.005140727616137172,92.0,H,12
167,RB08,A02,"[166, 167, 168, 169, 170, 171, 175, 176, 177, 178, 179, 180, 265, 266, 267]",T166C_G168T_T169A_A170G_C171T_C175G_T176C_G177T_A179G_T265C_T266G_C267G,0.0029983627880483957,167.0,A,02
91,RB08,A03,"[166, 167, 170, 171, 175, 176, 177, 178, 179, 265, 266, 267]",T166A_G167C_A170C_C171T_C175G_T176G_G177T_C178A_A179T_T265C_T266A_C267T,0.3553200882771433,102.0,A,03
95,RB08,A04,"[166, 167, 169, 170, 171, 175, 176, 177, 180, 265, 266, 267]",T166A_G167C_T169C_A170T_C171T_C175T_T176C_G177T_G180DEL_T265A_T266G_C267G,0.6209623596314668,176.0,A,04
181,RB08,A05,"[166, 167, 168, 169, 170, 171, 175, 176, 177, 179, 265, 266, 267]",T166A_G167C_G168T_T169C_A170T_C171G_C175T_T176A_G177T_A179G_T265G_T266G_C267G,0.07803311270005152,187.0,A,05
134,RB08,A06,"[166, 167, 170, 171, 175, 176, 177, 178, 179, 265, 266, 267]",T166A_G167C_A170C_C171T_C175G_T176G_G177T_C178A_A179T_T265G_T266G_C267T,0.2798542280119716,255.0,A,06
125,RB08,A07,"[167, 168, 169, 170, 171, 175, 176, 177, 179, 265, 266, 267]",G167C_G168T_T169G_A170T_C171T_C175T_T176A_G177T_A179C_T265A_T266A_C267T,0.3361238638059559,180.0,A,07
169,RB08,A08,"[166, 167, 170, 171, 176, 178, 179, 265, 266, 267]",T166A_G167T_A170G_C171G_T176G_C178A_A179C_T265G_T266C_C267T,0.5336974703358065,183.0,A,08
175,RB08,A09,"[166, 168, 169, 170, 171, 175, 176, 177, 179, 265, 267]",T166C_G168T_T169A_A170G_C171T_C175G_T176C_G177T_A179G_T265A_C267T,0.2669176747393052,190.0,A,09
112,RB08,A10,"[166, 167, 169, 170, 171, 175, 176, 178, 265, 266, 267]",T166C_G167C_T169A_A170C_C171T_C175G_T176G_C178G_T265A_T266A_C267T,0.42125206453826075,158.0,A,10
176,RB08,A11,"[167, 168, 169, 170, 171, 175, 176, 177, 178, 179, 180, 267]",G167A_G168T_T169C_A170T_C171T_C175A_T176G_G177T_A179T_G180T_C267T,0.08855251293159322,109.0,A,11
158,RB08,A12,"[166, 168, 169, 170, 171, 175, 178, 179, 265, 266, 267]",T166G_G168T_T169A_A170G_C171T_C175G_C178G_A179G_T265A_T266A_C267G,0.1707193625539898,91.0,A,12
106,RB08,B01,"[166, 167, 171, 175, 176, 178, 179, 265, 267]",T166C_G167A_C171T_C175A_T176G_C178G_A179G_T265G_C267G,0.25207294609266206,262.0,B,01
98,RB08,B02,"[167, 168, 169, 170, 171, 177, 178, 179, 180, 265, 266, 267]",G167C_G168T_T169C_A170C_C171T_G177T_C178G_A179T_G180T_T265C_T266G_C267T,0.10951185773794916,370.0,B,02
166,RB08,B03,"[167, 168, 169, 170, 171, 175, 176, 177, 180, 265, 266, 267]",G167C_G168T_T169A_A170T_C171G_C175A_T176G_G177T_G180T_T265G_T266C_C267T,0.18569670064042595,186.0,B,03
138,RB08,B04,"[588, 107, 102]",C588T,0.9552036063110445,110.0,B,04
150,RB08,B05,"[166, 168, 171, 174, 177, 178, 179, 265, 266, 267]",T166DEL_G168T_C171G_C174G_G177T_C178T_A179C_T265G_T266G_C267G,0.2094339870648543,172.0,B,05
179,RB08,B06,"[166, 167, 168, 169, 171, 175, 179, 180, 265, 266, 267]",T166A_G167C_G168T_T169A_C171T_C175A_A179C_G180T_T265G_T266G_C267T,0.8452987405635468,336.0,B,06
171,RB08,B07,"[166, 167, 168, 169, 171, 176, 178, 179, 185, 267]",T166C_G167A_G168T_T169A_C171G_T176C_C178A_A179C_G185DEL_C267G,0.38260640358470244,171.0,B,07
92,RB08,B08,"[166, 167, 171, 175, 176, 178, 179, 265, 266, 267]",T166C_G167A_C171T_C175A_T176G_C178G_A179G_T265A_T266A_C267G,0.19103884632469495,142.0,B,08
123,RB08,B09,"[166, 167, 169, 170, 171, 175, 178, 265, 266, 267]",T166G_G167T_T169G_A170G_C171G_C175G_C178T_T265A_T266G_C267G,0.24965340457576315,104.0,B,09
146,RB08,B10,"[166, 167, 168, 169, 170, 171, 175, 179, 265, 266, 267]",T166C_G167A_G168T_T169C_A170T_C171G_C175G_A179T_T265G_T266G_C267T,0.11463499462827738,250.0,B,10
128,RB08,B11,"[167, 168, 170, 171, 175, 176, 265, 266, 267]",G167T_G168T_A170T_C171T_C175G_T176C_T265C_T266G_C267G,0.1472055522368616,280.0,B,11
162,RB08,B12,"[167, 168, 169, 170, 171, 175, 176, 177, 180, 265, 266, 267]",G167C_G168T_T169A_A170T_C171G_C175A_T176G_G177T_G180T_T265C_T266A_C267G,0.5110619590904167,198.0,B,12
184,RB08,C01,"[166, 168, 169, 170, 171, 175, 177, 178, 267]",T166A_G168T_T169A_A170T_C171T_C175G_G177T_C178A_C267G,0.5794748023897874,331.0,C,01
137,RB08,C02,"[167, 169, 170, 171, 175, 177, 179, 180, 265, 266, 267]",G167C_T169G_A170C_C171T_C175T_G177T_A179G_G180T_T265A_T266A_C267T,0.31552322052757603,259.0,C,02
168,RB08,C03,"[166, 167, 171, 175, 179, 180, 265, 266, 267]",T166C_G167A_C171T_C175A_A179C_G180T_T265G_T266G_C267G,0.7781248308848773,414.0,C,03
103,RB08,C04,"[166, 168, 171, 174, 177, 178, 179, 266, 267]",T166DEL_G168T_C171G_C174G_G177T_C178T_A179C_T266C_C267G,0.0600257061723318,245.0,C,04
132,RB08,C05,"[588, 54, 159]",C588T,0.9545026952923084,282.0,C,05
117,RB08,C06,"[167, 168, 169, 170, 171, 175, 176, 177, 179, 180, 265, 267]",G167A_G168T_T169C_A170T_C171T_C175A_T176G_G177T_A179T_G180T_T265G_C267G,0.09094156419933945,338.0,C,06
121,RB08,C07,"[166, 167, 168, 169, 171, 176, 177, 178, 180, 265, 266, 267]",T166G_G167C_G168T_T169C_C171G_T176A_G177T_C178T_G180T_T265G_T266A_C267G,0.2921443259234136,264.0,C,07
148,RB08,C08,"[166, 167, 170, 171, 175, 176, 177, 178, 179, 265, 266, 267]",T166A_G167C_A170C_C171T_C175G_T176G_G177T_C178A_A179T_T265A_T266G_C267G,0.08896224923822646,255.0,C,08
133,RB08,C09,"[166, 167, 169, 170, 171, 175, 176, 178, 179, 180, 265, 266, 267]",T166G_G167C_T169G_A170T_C171T_C175T_T176A_C178A_A179C_G180T_T265G_T266C_C267G,0.5057679846251847,299.0,C,09
126,RB08,C10,"[166, 167, 168, 169, 170, 171, 175, 176, 177, 178, 180, 265, 266, 267]",T166C_G167A_G168T_T169C_A170C_C171T_C175A_T176C_G177T_C178T_G180T_T265G_T266C_C267T,0.5459813432923156,283.0,C,10
174,RB08,C11,"[166, 167, 169, 170, 171, 175, 176, 177, 180, 266, 267]",T166A_G167C_T169C_A170T_C171T_C175T_T176C_G177T_G180DEL_T266C_C267T,0.6997364370666033,349.0,C,11
116,RB08,C12,"[166, 167, 170, 171, 175, 176, 177, 178, 179, 265, 266, 267]",T166A_G167C_A170C_C171T_C175G_T176G_G177T_C178A_A179T_T265G_T266A_C267T,0.3641099132355964,246.0,C,12
96,RB08,D01,"[167, 168, 169, 170, 171, 175, 176, 177, 180, 265, 266, 267]",G167C_G168T_T169A_A170T_C171G_C175A_T176G_G177T_G180T_T265G_T266G_C267G,0.4928406592616371,295.0,D,01
159,RB08,D02,"[166, 167, 168, 169, 171, 176, 177, 178, 180, 266, 267]",T166G_G167C_G168T_T169C_C171G_T176A_G177T_C178T_G180T_T266A_C267T,0.8193374977578652,396.0,D,02
182,RB08,D03,"[316, 334, 540]",#PARENT#,1.0,281.0,D,03
104,RB08,D04,"[166, 167, 168, 169, 170, 171, 175, 178, 179, 265, 266, 267]",T166C_G167C_G168T_T169C_A170T_C171G_C175T_C178A_A179T_T265A_T266G_C267T,0.27225389205715894,297.0,D,04
149,RB08,D05,"[166, 167, 168, 169, 171, 175, 176, 177, 178, 179, 265, 266, 267]",T166C_G167A_G168T_T169G_C171T_C175A_T176A_G177T_C178A_A179T_T265G_T266G_C267G,0.04872485108136266,342.0,D,05
178,RB08,D06,"[588, 6, 492]",C588T,0.9600355839827034,298.0,D,06
113,RB08,D07,"[166, 167, 168, 169, 170, 171, 175, 176, 179, 265, 266, 267]",G167T_G168T_A170T_C171T_C175G_T176C_T265G_T266A_C267T,0.01664510846154566,298.0,D,07
101,RB08,D08,"[166, 167, 169, 170, 171, 175, 176, 177, 178, 179, 180, 265, 266, 267]",G167T_T169C_C171G_C175T_T176C_C178G_A179G_G180T_T265C_T266A_C267T,0.0020702178855870144,293.0,D,08
119,RB08,D09,"[166, 167, 168, 169, 171, 175, 179, 180, 265, 266, 267]",T166A_G167C_G168T_T169A_C171T_C175A_A179C_G180T_T265A_T266C_C267G,0.2593363351947965,262.0,D,09
155,RB08,D10,"[166, 167, 170, 171, 175, 176, 177, 178, 265, 267]",T166G_G167C_A170G_C171T_C175T_T176C_G177T_C178G_T265A_C267DEL,0.6303689863388962,340.0,D,10
109,RB08,D11,"[34, 12, 518]",C34A_C12A_T518A,,209.0,D,11
93,RB08,D12,"[167, 168, 169, 170, 171, 177, 178, 179, 180, 265, 267]",G167C_G168T_T169C_A170C_C171T_G177T_C178G_A179T_G180T_T265C_C267T,0.6713337858213783,241.0,D,12
156,RB08,E01,"[167, 168, 169, 170, 171, 175, 176, 177, 180, 265, 266, 267]",G167C_G168T_T169A_A170T_C171G_C175A_T176G_G177T_G180T_T265G_T266G_C267G,0.46490592191213304,337.0,E,01
164,RB08,E02,"[166, 167, 169, 170, 171, 175, 176, 178, 265, 266, 267]",T166C_G167C_T169A_A170C_C171T_C175G_T176G_C178G_T265G_T266G_C267T,0.15448513232824646,306.0,E,02
172,RB08,E03,"[166, 167, 168, 169, 170, 171, 175, 176, 177, 178, 179, 265, 266, 267]",G167T_A170G_C171G_T176G_C178G_A179G_T265C_T266G_C267G,0.0010816900972816076,234.0,E,03
173,RB08,E04,"[166, 167, 168, 169, 171, 175, 176, 177, 178, 179, 265, 266, 267]",T166C_G167A_G168T_T169G_C171T_C175A_T176A_G177T_C178A_A179T_T265A_T266A_C267T,0.15553336597864,277.0,E,04
107,RB08,E05,"[166, 167, 168, 169, 170, 171, 175, 176, 177, 178, 179, 180, 265, 267]",G167C_G168T_T169C_A170C_C171T_G177T_C178G_A179T_G180T_T265G_C267T,0.018777333095802783,273.0,E,05
100,RB08,E06,"[166, 167, 168, 169, 170, 171, 176, 178, 179, 185, 265, 266, 267]",T166C_G167A_G168T_T169A_C171G_T176C_C178A_A179C_G185DEL_T265C_T266C_C267G,0.0237167233611578,262.0,E,06
142,RB08,E07,"[588, 287, 457]",C588T,0.952653312,250.0,E,07
154,RB08,E08,"[166, 167, 168, 169, 170, 171, 175, 176, 177, 178, 179, 266, 267]",T166C_G167C_G168T_T169G_A170C_C171G_C175A_T176G_G177T_C178T_A179T_T266G_C267T,0.0413183103650133,285.0,E,08
102,RB08,E09,"[166, 167, 168, 169, 171, 175, 176, 177, 178, 179, 266, 267]",T166C_G167A_G168T_T169G_C171T_C175A_T176A_G177T_C178A_A179T_T266G_C267G,0.016019304426488457,219.0,E,09
114,RB08,E10,"[166, 167, 168, 169, 170, 171, 175, 176, 177, 179, 267]",T166A_G167C_G168T_T169C_A170T_C171G_C175T_T176A_G177T_A179G_C267T,0.16382440767033588,49.0,E,10
140,RB08,E11,"[202, 170, 468]",T202A_G468A,,147.0,E,11
118,RB08,E12,"[166, 167, 171, 175, 176, 178, 179, 265, 266, 267]",T166C_G167A_C171T_C175A_T176G_C178G_A179G_T265A_T266G_C267G,0.29359370831567194,208.0,E,12
153,RB08,F01,"[166, 167, 168, 169, 171, 175, 177, 178, 265, 266, 267]",T166A_G167A_G168T_T169A_C171T_C175G_G177T_C178G_T265C_T266A_C267G,0.6051664357163699,352.0,F,01
127,RB08,F02,"[166, 167, 168, 169, 170, 171, 175, 176, 177, 178, 179, 180, 265, 266, 267]",G167C_G168T_T169A_C171G_C175A_T176G_G177T_G180T_T265C_T266A_C267G,0.0032595333134348456,278.0,F,02
177,RB08,F03,"[344, 70, 195]",G344A_T70A_C195A,,203.0,F,03
160,RB08,F04,"[166, 167, 169, 170, 171, 175, 176, 178, 267]",T166C_G167C_T169A_A170C_C171T_C175G_T176G_C178G_C267G,0.49370879544301804,227.0,F,04
165,RB08,F05,"[166, 168, 169, 170, 171, 175, 176, 177, 179, 266, 267]",T166G_G168T_T169A_A170T_C171T_C175G_T176A_G177T_A179T_T266A_C267T,0.08645934500715997,197.0,F,05
151,RB08,F06,"[166, 167, 170, 171, 175, 176, 177, 178, 179, 267]",T166A_G167C_A170C_C171T_C175G_T176G_G177T_C178A_A179T_C267G,0.33794984610252654,313.0,F,06
131,RB08,F07,"[167, 168, 169, 170, 171, 175, 176, 177, 179, 180, 265, 266, 267]",G167A_G168T_T169C_A170T_C171T_C175A_T176G_G177T_A179T_G180T_T265G_T266C_C267G,0.5107601772486979,277.0,F,07
141,RB08,F08,"[588, 132, 403]",C588T,0.9904077292899408,208.0,F,08
183,RB08,F09,"[166, 167, 168, 169, 170, 171, 176, 177, 178, 180, 266, 267]",T166C_G167C_G168T_T169C_A170C_C171G_T176A_G177T_C178A_G180T_T266C_C267G,0.21856176776467326,364.0,F,09
94,RB08,F10,"[166, 167, 168, 169, 171, 175, 179, 180, 265, 267]",T166A_G167C_G168T_T169A_C171T_C175A_A179C_G180T_T265G_C267G,0.25052061817716176,282.0,F,10
161,RB08,F11,"[166, 167, 169, 170, 171, 175, 177, 178, 179, 180, 265, 266, 267]",T166A_G167T_T169G_A170T_C171G_C175A_G177T_C178T_A179C_G180T_T265C_T266A_C267T,0.6193339196062734,261.0,F,11
111,RB08,F12,"[166, 167, 171, 175, 176, 178, 179, 265, 266, 267]",T166C_G167A_C171T_C175A_T176G_C178G_A179G_T265A_T266G_C267T,0.08462869320660461,170.0,F,12
130,RB08,G01,"[167, 169, 171, 175, 176, 178, 179, 180, 265, 266, 267]",G167T_T169C_C171G_C175T_T176C_C178G_A179G_G180T_T265A_T266A_C267G,0.21439482974518898,209.0,G,01
143,RB08,G02,"[386, 324, 273]",C386A_C324A_G273A,,249.0,G,02
122,RB08,G03,"[167, 171, 176, 177, 178, 179, 267]",G167C_C171T_T176C_G177T_C178A_A179C_C267T,0.6834905831250111,212.0,G,03
139,RB08,G04,"[166, 167, 169, 170, 171, 175, 177, 178, 179, 180, 266, 267]",T166A_G167T_T169G_A170T_C171G_C175A_G177T_C178T_A179C_G180T_T266G_C267T,0.6306470423107877,194.0,G,04
157,RB08,G05,"[167, 168, 169, 170, 171, 175, 176, 177, 178, 179, 180, 266, 267]",G167C_G168T_T169A_A170T_C171G_C175A_T176G_G177T_G180T_T266G_C267G,0.006239943254714888,275.0,G,05
135,RB08,G06,"[417, 599, 518]",T417A_G599A_T518A,,72.0,G,06
115,RB08,G07,"[166, 167, 168, 169, 170, 171, 176, 177, 178, 179, 180, 265, 266, 267]",T166A_G167C_G168T_T169A_C171T_G177T_C178A_T265C_T266G_C267T,0.008066265389023492,161.0,G,07
108,RB08,G08,"[167, 169, 171, 175, 176, 178, 179, 180, 266, 267]",G167T_T169C_C171G_C175T_T176C_C178G_A179G_G180T_T266C_C267T,0.206423797306401,369.0,G,08
105,RB08,G09,"[588, 410, 184]",C588T,0.9676284537941395,275.0,G,09
99,RB08,G10,"[166, 167, 170, 171, 175, 176, 177, 178, 179, 267]",T166A_G167C_A170C_C171T_C175G_T176G_G177T_C178A_A179T_C267T,0.3580338705363523,233.0,G,10
145,RB08,G11,"[166, 167, 168, 170, 171, 177, 178, 179, 265, 266, 267]",T166C_G167C_G168T_A170G_C171T_G177T_C178A_A179C_T265G_T266C_C267T,0.2374633246526848,288.0,G,11
110,RB08,G12,"[166, 167, 169, 170, 171, 175, 176, 178, 179, 180, 266, 267]",T166G_G167C_T169G_A170T_C171T_C175T_T176A_C178A_A179C_G180T_T266C_C267G,0.5867677891456053,260.0,G,12
152,RB08,H01,,,,,H,01
124,RB08,H02,"[166, 167, 168, 169, 170, 171, 175, 176, 177, 178, 180, 265, 266, 267]",T166G_G167C_G168T_T169C_C171G_T176A_G177T_C178T_G180T_T265C_T266A_C267G,0.007688875508020836,418.0,H,02
90,RB08,H03,"[176, 464, 462]",T176A,,257.0,H,03
97,RB08,H04,"[166, 167, 171, 175, 176, 178, 179, 265, 266, 267]",T166C_G167A_C171T_C175A_T176G_C178G_A179G_T265G_T266A_C267G,0.2686380384517373,149.0,H,04
144,RB08,H05,"[167, 168, 169, 170, 171, 175, 176, 177, 178, 179, 180, 266, 267]",G167C_G168T_T169A_A170T_C171G_C175A_T176G_G177T_G180T_T266A_C267G,0.006543055831176219,237.0,H,05
180,RB08,H06,"[167, 168, 169, 170, 171, 175, 176, 177, 180, 266, 267]",G167C_G168T_T169A_A170T_C171G_C175A_T176G_G177T_G180T_T266G_C267T,0.6157284966251934,205.0,H,06
170,RB08,H07,"[166, 167, 168, 169, 170, 171, 175, 176, 177, 178, 179, 180, 265, 266, 267]",T166C_G167C_G168T_T169C_A170T_C171G_C175T_C178A_A179T_T265C_T266A_C267G,0.0025435860089207656,228.0,H,07
129,RB08,H08,"[166, 167, 170, 171, 175, 176, 177, 178, 179, 266, 267]",T166A_G167C_A170C_C171T_C175G_T176G_G177T_C178A_A179T_T266G_C267T,0.23502826137093125,156.0,H,08
120,RB08,H09,"[166, 167, 170, 171, 176, 178, 179, 267, 273]",T166A_G167T_A170G_C171G_T176G_C178A_A179C_C267T_G273A,0.3633584990541113,455.0,H,09
163,RB08,H10,"[167, 168, 169, 170, 171, 175, 176, 177, 180, 265, 266, 267]",G167C_G168T_T169A_A170T_C171G_C175A_T176G_G177T_G180T_T265A_T266C_C267T,0.5458969700743049,270.0,H,10
136,RB08,H11,"[166, 167, 168, 169, 171, 175, 179, 180, 265, 266, 267]",T166A_G167C_G168T_T169A_C171T_C175A_A179C_G180T_T265C_T266A_C267G,0.7830724278965941,208.0,H,11
147,RB08,H12,"[166, 167, 169, 170, 171, 175, 176, 178, 266, 267]",T166C_G167C_T169A_A170C_C171T_C175G_T176G_C178G_T266A_C267G,0.4501911855140546,136.0,H,12
