,Combo,Unnamed: 0,Alignment Probability,Alignment Count,Column,StdArea,Iso1Area,Iso2Area,num_wells,EVMutation,EVMutation Rank,Triad Score,Triad Rank,NormIso1_recomb,NormIso2_recomb,NormIso1_recomb_rank,NormIso2_recomb_rank,NormIso1,NormIso2,Diff
0,FRMNY,7.0,0.6241509476560746,339.0,2.0,484.0,3398.0,567.0,1,-28.98264740107697,69.0,-648.97722,33,,,,,4.5864409930062795,0.7653066636358329,3.8211343293704467
1,SAFRY,2.0,0.7555077446536206,128.0,8.0,487.0,3778.0,963.0,1,-31.84276285742817,118.0,-646.6716,48,0.8353236245639316,1.329356219886694,20.0,70.0,5.067932127392014,1.2917995337952646,3.7761325935967496
2,GIDLY,165.0,0.0864593450071599,197.0,5.0,501.0,2485.0,428.0,1,-31.299863410997204,112.0,-642.32678,97,0.0,0.0,155.5,155.5,3.449042850732982,0.5940403783153788,2.855002472417603
3,TSGMY,28.0,0.2449221339778279,154.0,3.0,497.0,3058.0,1062.0,1,-29.96758438210236,90.0,-645.07324,60,,,,,4.019563462825682,1.3959373438590172,2.623626118966665
5,TNMPY,331.0,0.8673928179847801,241.0,11.0,484.0,1788.0,367.0,1,-33.636410656472435,146.0,-633.74115,162,0.2629318266877378,0.4954407820625506,52.0,132.0,3.260247574670107,0.6691895189619291,2.591058055708178
6,TSGMW,346.0,0.308917436072164,266.0,10.0,476.0,1373.0,104.0,1,-29.88005213330325,87.0,-647.74613,42,,,,,2.545610843168598,0.192821214631853,2.352789628536745
7,SWWSW,363.0,0.3746768600363314,263.0,3.0,481.0,2375.0,1239.0,1,-30.16297349902016,94.0,-656.62676,5,0.5177778898528886,1.2271316236331846,29.0,75.0,4.357596016738162,2.2732890377846666,2.0843069789534954
4,AKPPY,75.0,0.774386776426687,175.0,7.0,497.0,2692.0,1163.0,1,-35.50948403979055,187.0,-618.95309,207,0.5724926765175431,0.6226555874414312,26.0,118.0,3.538477711552236,1.5286959801393947,2.0097817314128417
8,HPTYV,26.0,0.5578404048585858,338.0,9.0,496.0,2634.0,1512.0,1,-32.2911480355051,124.0,-637.09472,149,2.763989038084339,3.270060436788817,4.0,5.0,3.469220401576362,1.991443146235178,1.4777772553411839
9,HDNMW,102.0,0.0160193044264884,219.0,9.0,501.0,2146.0,1130.0,1,-28.628519679748933,61.0,-650.72247,20,,,,,2.9785295604317823,1.568377634337332,1.4101519260944504
11,TRQPY,334.0,0.6356411170885197,202.0,2.0,507.0,2338.0,1531.0,1,-31.243310002755607,111.0,-630.90044,175,0.2118404463345652,0.6906960664473175,57.0,109.0,4.0697241676000155,2.6649904621880345,1.404733705411981
10,AQHYY,87.0,0.7425735381200296,288.5,1.5,491.0,2000.5,1155.0,2,-31.179334949716576,109.0,-651.63188,12,1.5347842736528388,1.120929574632431,12.0,82.0,2.75983835011455,1.596950216764069,1.162888133350481
12,HPTYL,235.0,0.1492779120354073,330.0,11.0,498.0,1883.0,1092.0,1,-32.79729725004472,133.0,-639.81084,130,9.35414120877664,2.861646461214411,1.0,7.0,2.615133454792629,1.516582970065614,1.098550484727015
13,SACRY,8.0,0.0007371309769702,182.0,10.0,493.0,1692.0,1676.0,1,-37.15941008499067,206.0,-643.09466,81,0.5259616059586995,0.5859257519324602,28.0,121.0,2.242080683136988,2.220878974549404,0.021201708587583745
14,SMSHW,157.0,0.0062399432547148,275.0,5.0,503.0,1726.0,1797.0,1,-35.36974639237451,183.0,-649.4735,27,0.1770403218620246,0.4397113989549102,63.0,135.0,2.386067520945097,2.484219777021054,-0.09815225607595712
15,HPTYN,199.0,0.4909165534833008,630.0,4.0,491.0,1769.0,1852.0,1,-36.17178776762921,195.0,-636.63857,151,0.5612514007075707,3.882938427163902,27.0,3.0,2.4918346472306334,2.608749444132919,-0.11691479690228546
16,FVNYC,31.0,0.7112036164264598,185.0,7.0,472.0,674.0,835.0,1,-27.811668817943428,52.0,-648.09424,38,1.4906442753372366,1.171699854766502,13.0,78.0,0.9328583332758903,1.1556924455272528,-0.22283411225136251
19,QYRGP,172.0,0.2972432713445102,185.5,9.0,517.5,49.5,314.5,2,-29.840850977576338,85.0,-628.63432,193,0.2748157887052153,1.747515983125477,50.0,46.0,0.06421559073656695,0.40804528196406187,-0.3438296912274949
17,QYRGL,370.0,0.2168858067601429,345.0,5.0,461.0,28.0,231.0,1,-24.740047245679307,17.0,-646.40956,50,2.621915584774164,2.175556566224319,6.0,24.0,0.05360256024973588,0.442221122060321,-0.38861856181058513
18,PASLP,283.0,0.3359442424276425,190.0,8.0,481.0,50.0,292.0,1,-35.41825951397004,186.0,-615.6094,214,0.0,0.0,155.5,155.5,0.0917388635102771,0.5357549629000183,-0.44401609938974124
22,SPLVP,55.0,0.6273497827704919,484.0,5.0,505.0,82.0,533.0,1,-30.91258725638363,105.0,-617.78259,208,0.0337869107742018,0.5420156023702724,113.0,129.0,0.10607676625763157,0.6894989806746052,-0.5834222144169736
23,PCLTH,73.0,0.8212489885797969,150.0,2.0,500.0,112.0,559.0,1,-34.216160110459896,162.0,-632.54318,167,0.5064466802012807,0.6817547875931298,30.0,111.0,0.14633419267150347,0.7303644080658075,-0.584030215394304
20,HLVLW,293.0,0.7187642959381887,204.0,9.0,484.0,1108.0,1458.0,1,-26.64404061151617,32.0,-656.70887,4,0.0,0.0,155.5,155.5,2.0203323896725274,2.658524029009517,-0.6381916393369895
21,SWWSV,320.0,0.5670044441327738,82.0,8.0,501.0,860.0,1224.0,1,-26.86208310026268,37.0,-650.00152,23,0.1228528051119315,2.160108334949709,69.0,26.0,1.5149180949964562,2.156115986367049,-0.6411978913705929
24,TNMPP,212.0,0.7267279238586721,561.0,6.0,496.0,120.0,596.0,1,-35.983564466339885,192.0,-615.12883,215,0.029789591996857,0.5549684526178963,116.0,127.0,0.16732947516232624,0.8310697266395537,-0.6637402514772275
25,PCLTW,86.0,0.7445038807480896,384.0,5.0,491.0,1024.0,1554.0,1,-34.56696991439094,171.0,-637.55474,148,0.7004631988201635,0.7508202280597976,22.0,106.0,1.3624364752656706,2.0676037915652854,-0.7051673162996148
28,ACSEP,24.0,0.1853273424311617,214.0,12.0,508.0,137.0,823.0,1,-36.92826573378261,204.0,-624.68977,205,0.0647604740580213,1.3632247068367735,92.0,68.0,0.17617920764197811,1.0583612254696932,-0.8821820178277151
27,TRQPP,194.0,0.7540032831339151,264.0,10.0,516.0,144.0,805.0,1,-33.40697816554166,141.0,-612.86603,217,0.0240010520758805,0.7736838409421473,118.0,103.0,0.19301260390817165,1.0789940704588763,-0.8859814665507046
29,GIDLP,278.0,0.1044236946830277,307.0,3.0,501.0,124.0,823.0,1,-33.59727713924076,145.0,-624.41968,206,0.0,0.0,155.5,155.5,0.1711815043310664,1.13614821019732,-0.9649667058662535
26,VFFMF,345.0,0.0079301084528419,224.0,8.0,484.0,1001.0,1568.0,1,-13.577354820998153,3.0,-655.54871,6,,,,,1.8252280885037906,2.8590985442297137,-1.033870455725923
33,MWRTF,120.0,0.3633584990541113,455.0,9.0,518.0,640.0,1530.0,1,-25.40387643923896,21.0,-654.87063,7,6.360099981211673,1.5953168613725792,2.0,52.0,0.8591324780023953,2.0538635802244762,-1.194731102222081
35,HDNMF,1.0,0.3735466851881997,286.0,3.0,485.0,1225.0,2123.0,1,-21.90356018275816,10.0,-647.52883,44,,,,,1.650031167365535,2.859605035360842,-1.209573867995307
34,SPLVV,107.0,0.0187773330958027,273.0,5.0,489.0,255.0,1144.0,1,-25.519618927130068,22.0,-632.7928,165,0.0952484472294052,0.7710824390256079,77.0,104.0,0.36261122513847266,1.626773496307501,-1.2641622711690284
30,QYRGF,319.0,0.2275411785775803,296.0,11.0,480.0,655.0,1345.0,1,-21.0103093584039,7.0,-645.66276,55,1.7269072476715173,2.129007384332035,9.0,29.0,1.2042828184679313,2.472916627235676,-1.2686338087677447
31,NMVDV,317.0,0.7033911683563937,278.0,10.0,485.0,360.0,1064.0,1,-30.04145776810037,92.0,-641.72077,107,,,,,0.6550722311521477,1.9361023720719035,-1.2810301409197558
38,PASLC,154.0,0.0413183103650133,285.0,8.0,496.0,666.0,1642.0,1,-33.818093699388555,151.0,-629.06633,191,0.0,0.0,155.5,155.5,0.9336895013895236,2.30197922114354,-1.3682897197540167
44,YLSLP,81.0,0.0184256156340306,268.0,11.0,500.0,169.0,1225.0,1,-29.198561413461,71.0,-634.77646,158,0.0,0.0,155.5,155.5,0.22080784429896505,1.6005302323445691,-1.3797223880456042
39,HLVLG,146.0,0.1146349946282773,250.0,10.0,495.0,246.0,1233.0,1,-26.2496720262734,30.0,-647.84243,40,0.0,0.0,155.5,155.5,0.3455730221177059,1.7320794157363064,-1.3865063936186006
42,FFAQS,230.0,0.5547153181417103,276.0,6.0,520.0,139.0,1189.0,1,-28.760335188286263,65.0,-651.05248,15,0.0890881352622703,1.8485766109560224,83.0,42.0,0.1848776175575548,1.5814351602585082,-1.3965575427009533
43,HPTYA,126.0,0.5459813432923156,283.0,10.0,497.0,1004.0,2044.0,1,-34.16735952536874,160.0,-638.0816,144,0.3605543208574542,2.4881139292914787,43.0,13.0,1.404711852677508,2.8597918594350857,-1.4550800067575778
32,NNVEF,372.0,0.8407486495684062,257.0,9.0,498.0,602.0,1436.0,1,-27.43179483622953,44.0,-644.40322,65,,,,,1.0668308753318416,2.5447992308580143,-1.4779683555261727
45,TSGMF,99.0,0.3580338705363523,233.0,10.0,502.0,372.0,1442.0,1,-23.281007947589387,13.0,-644.77243,62,,,,,0.5152869521325621,1.997429529503104,-1.4821425773705417
46,FRMNL,208.0,0.6554690961961781,629.0,7.0,494.0,237.0,1314.0,1,-26.046780228658463,26.0,-648.73372,35,,,,,0.331813671799625,1.8396758006105793,-1.5078621288109544
47,PLLMS,104.0,0.2722538920571589,297.0,4.0,497.0,127.0,1214.0,1,-29.11599438879057,70.0,-634.00069,161,,,,,0.17768765467135808,1.6985260848112496,-1.5208384301398914
50,TNLKR,115.0,0.0080662653890234,161.0,7.0,517.0,269.0,1494.0,1,-35.015723281685496,178.0,-642.83612,87,0.0113750682273927,0.4383846761559352,129.0,136.0,0.3618025802399956,2.009416560886816,-1.6476139806468204
36,SIVKR,292.0,0.0767595901601099,268.0,8.0,485.0,129.0,1042.0,1,-36.55693596387573,200.0,-640.51844,121,0.0422051045045293,1.2891489215594876,104.0,72.0,0.23473421616285295,1.896070180168161,-1.661335964005308
37,SMSHV,369.0,0.2986251275344197,248.5,9.0,480.5,579.0,1480.5,2,-32.1513634004441,121.0,-642.53922,92,0.0420062358492143,0.7740198684170009,105.0,102.0,1.0633133793880476,2.7258067397567824,-1.6624933603687349
52,QYRGV,106.0,0.252072946092662,262.0,1.0,475.0,285.0,1421.0,1,-24.101701806845085,16.0,-643.75222,72,0.7747312953003898,2.48605184170346,21.0,14.0,0.41721620962991324,2.0802253820494974,-1.6630091724195841
55,VCRAR,256.0,0.5939724054533834,341.0,11.0,498.0,226.0,1427.0,1,-30.49443507293472,96.0,-641.18858,114,0.4048551318587972,1.428946348296362,37.0,64.0,0.31387156706486147,1.9818350716883069,-1.6679635046234453
53,SPLVL,93.0,0.6713337858213783,241.0,12.0,496.0,123.0,1315.0,1,-25.894243901071604,25.0,-635.26242,153,0.3223483932186928,0.6747781503112045,46.0,113.0,0.17243815115752462,1.8435460875784138,-1.6711079364208892
63,TNMPR,50.0,0.6556380091691123,192.0,5.0,489.0,262.0,1529.0,1,-34.339443487508106,167.0,-629.3689,186,0.0311632498076737,0.3666038822784169,114.0,138.0,0.35001787978321197,2.0426615961394314,-1.6926437163562196
58,YLSLA,131.0,0.5107601772486979,277.0,7.0,506.0,187.0,1425.0,1,-25.234218581739697,20.0,-651.09297,14,0.0,0.0,155.5,155.5,0.25698099868509144,1.9582776637767667,-1.7012966650916752
60,TNMPL,195.66666666666663,0.5247290943928408,264.0,6.0,492.33333333333326,209.3333333333333,1451.666666666667,3,-31.240994739389865,110.0,-633.6381,163,0.2842114562944723,0.6909037014819231,49.0,108.0,0.2893812309655432,1.9969386957539428,-1.7075574647883995
68,RCGGR,27.0,0.0014261360947357,171.0,7.0,493.0,314.0,1634.0,1,-36.54137163215273,199.0,-634.89186,157,0.919610097921307,1.6576972425472218,18.0,49.0,0.4160835310313323,2.1652244895069965,-1.7491409584756643
61,PCLTA,145.0,0.2374633246526848,288.0,11.0,498.0,154.0,1416.0,1,-33.07025931644603,137.0,-632.28758,169,0.0216801003089257,1.0056221539104595,120.0,86.0,0.21503111205825515,1.9771691861979823,-1.7621380741397272
40,MVISV,314.0,0.6093636906985205,284.0,9.0,474.0,648.0,1598.0,1,-26.18851797532261,29.0,-643.54714,75,1.697010607541961,2.13909594795918,10.0,28.0,1.206493792818196,2.9752732730300577,-1.7687794802118617
62,TSGMR,148.0,0.0889622492382264,255.0,8.0,489.0,306.0,1556.0,1,-30.66768809032874,98.0,-640.79065,117,,,,,0.4351334701661672,2.2126394757469154,-1.7775060055807481
41,NMVDC,325.0,0.531408888574882,309.0,6.0,462.0,337.0,1269.0,1,-34.17821988906508,161.0,-640.38491,122,,,,,0.6437486821829171,2.4240862839469495,-1.7803376017640322
64,RSARR,167.0,0.0029983627880483,167.0,2.0,454.0,184.0,1364.0,1,-36.58194697895669,201.0,-638.87387,138,1.1776354313825066,1.7436391096021893,15.0,48.0,0.28182005349450817,2.0891443096005933,-1.8073242561060852
66,GSVGK,158.0,0.1707193625539898,91.0,12.0,479.0,175.0,1423.0,1,-34.02786105617997,155.0,-637.74025,146,0.4661696800955512,1.916201286385028,34.0,39.0,0.25404605666400426,2.0657573636164455,-1.811711306952441
72,YLSLS,80.0,0.5863126553729752,156.0,9.0,488.0,251.0,1606.0,1,-26.712388911066228,34.0,-649.74059,24,0.0,0.0,155.5,155.5,0.3360096088311198,2.1499260230389576,-1.813916414207838
67,SYPTF,122.0,0.6834905831250111,212.0,3.0,512.0,770.0,2134.0,1,-21.985814559211576,11.0,-635.91211,152,0.155859330661695,0.5220985905232556,66.0,130.0,1.0457567754395611,2.898240206218212,-1.852483430778651
71,GSVGA,191.0,0.0036656360859,353.0,1.0,499.0,408.0,1787.0,1,-32.54765583576227,129.0,-638.54885,143,0.1097221979501146,1.2319034940809896,72.0,74.0,0.5654998535345631,2.476833917319275,-1.9113340637847118
70,SPLVR,98.0,0.1095118577379491,370.0,2.0,474.0,195.0,1498.0,1,-29.341009544732515,73.0,-631.9492,170,0.0353448929678902,0.3580474226004839,110.0,140.0,0.28606596651840044,2.197573424843917,-1.9115074583255167
74,PTGEV,226.0,0.3579846094436263,376.0,7.0,502.0,300.0,1717.0,1,-34.30765513094593,166.0,-627.68518,197,0.171981081705899,2.036634461084402,64.0,32.0,0.4133238031898098,2.365589900256345,-1.952266097066535
75,AKPPR,246.0,0.0031372466048408,336.0,6.0,496.0,188.0,1591.0,1,-36.0561654190642,193.0,-614.46968,216,0.0678530724717775,0.4607371131784578,89.0,134.0,0.26214951108764445,2.2185099581938417,-1.9563604471061973
54,TNMPV,243.0,0.6337539944479844,278.3333333333333,9.666666666666666,498.66666666666674,273.3333333333333,1473.666666666667,3,-30.032806084222106,91.0,-630.28074,178,0.0839796334225582,0.7895094276908684,85.0,101.0,0.4508374947030687,2.418746440306709,-1.9679089456036403
77,FFAQD,113.0,0.0166451084615456,298.0,7.0,495.0,236.0,1650.0,1,-32.86688395426427,135.0,-649.24832,30,0.4732983261340964,3.7686477833133263,33.0,4.0,0.33152533829178293,2.317867831277296,-1.9863424929855131
85,ACSET,32.0,0.0010355295566881,146.0,10.0,492.0,594.0,2097.0,1,-34.07171050000761,158.0,-640.33817,124,0.056279876005526,1.5622973588504514,96.0,54.0,0.7887132553614352,2.784396795442642,-1.995683540081207
86,QYLRR,65.0,0.0015953261768032,306.0,2.0,489.0,218.0,1720.0,1,-27.30939792109712,42.0,-647.17175,47,0.1006985536400987,0.8543029449254947,75.0,98.0,0.29123625111732904,2.297827302393605,-2.006591051276276
80,QYMPG,168.0,0.7781248308848773,414.0,3.0,494.0,85.0,1542.0,1,-27.068915409297915,39.0,-633.60118,164,0.0395767538032114,1.5701661055410443,108.0,53.0,0.1196470236792936,2.1705377707467144,-2.0508907470674207
48,HPTYE,335.0,0.5115893499405422,199.0,5.0,499.0,412.0,1583.0,1,-36.72514424543078,203.0,-636.90551,150,1.7506806928400274,2.636631904487348,8.0,11.0,0.7286602829482418,2.7996825920074437,-2.071022309059202
49,VSMFT,295.0,0.0018499307346983,271.0,4.0,480.0,876.0,2007.0,1,-24.868390920208185,18.0,-649.0273,32,0.5980926702782225,1.6378834710475842,24.0,50.0,1.6106133572181798,3.69006964376357,-2.07945628654539
83,QYRGR,118.0,0.2935937083156719,208.0,12.0,493.0,234.0,1721.0,1,-28.36929831576708,57.0,-642.71494,88,0.2874880956884893,1.1543829937275345,48.0,79.0,0.3300493341899922,2.4274141202605835,-2.097364786070591
51,ATGEP,315.0,0.1461251165712934,270.0,2.0,514.0,111.0,1336.0,1,-36.4158448315502,198.0,-625.31832,204,0.0627706134646587,1.1465802688169624,94.0,81.0,0.19058481173841263,2.293885662004678,-2.1033008502662653
84,PLLMV,211.0,0.3596653879076797,324.0,12.0,505.0,707.0,2244.0,1,-25.64345762195444,24.0,-634.22008,160,,,,,0.9682798962726611,3.073295738664571,-2.10501584239191
56,LQSGV,326.0,0.0026389949507711,191.0,6.0,486.0,526.0,1701.0,1,-30.804489475536684,102.0,-641.73395,106,0.0,0.0,155.5,155.5,0.9551639054025173,3.08884753439103,-2.133683628988513
87,TNMPN,205.0,0.8348156359558965,683.0,12.0,505.0,51.0,1618.0,1,-34.15991669030336,159.0,-629.29035,188,0.0170527763460257,0.9374800725088348,122.0,95.0,0.0698476304241948,2.2159503142421015,-2.1461026838179067
82,WYLQF,187.41666666666663,0.9604744728985868,227.25,6.5,491.58333333333326,682.2083333333334,2156.083333333333,24,-10.55709217133699,1.0,-663.60981,2,1.0000000000000002,1.0,17.0,88.0,1.0000000000000002,3.1494122631294794,-2.149412263129479
88,TYWSL,225.0,0.0001129162335997,242.0,1.0,505.0,232.0,1805.0,1,-18.03179314789304,4.0,-651.3626,13,0.4166426135791532,1.4720094192387376,36.0,60.0,0.317738240361043,2.472058292464149,-2.154320052103106
57,SYPTV,361.0,0.7124565992856716,197.0,8.0,459.0,333.0,1454.0,1,-25.54350334240371,23.0,-632.68741,166,0.0699221694106613,0.6096569566048498,88.0,119.0,0.6402653152519222,2.7956329380669516,-2.1553676228150294
78,SWWSC,202.0,0.3790224255191101,288.0,7.0,483.5,571.0,1984.0,2,-30.966692104339018,106.0,-648.48168,36,0.1202830588849509,1.546180114940178,70.0,56.0,0.8892172637536562,3.0447374031995973,-2.155520139445941
95,FRMNA,76.0,0.5976479637230173,130.0,7.0,487.0,240.0,1860.0,1,-27.44068044963933,45.0,-646.33008,51,,,,,0.3219438090455488,2.4950645201030035,-2.1731207110574546
97,TMSHA,52.0,0.021520224897502,167.0,10.0,482.0,140.0,1756.0,1,-31.81941790772544,117.0,-644.18884,68,0.0065543089456492,0.5667474090714333,136.0,124.0,0.18974869381678355,2.379990759587656,-2.1902420657708728
89,SAFRC,192.0,0.713072727774138,172.0,4.0,510.0,242.0,1863.0,1,-32.42834092364501,126.0,-641.72075,108,0.2612191229542036,1.5163221905387227,53.0,58.0,0.3281845026582409,2.5264782167450526,-2.1982937140868115
59,PTGEC,312.0,0.2989836299695571,238.0,7.0,472.0,387.0,1563.0,1,-38.4667455175404,214.0,-626.31402,201,0.1683837056799863,1.45779896970025,65.0,62.0,0.7235980604172692,2.922438678119358,-2.198840617702089
91,WYQQF,90.0,,257.0,3.0,507.0,296.0,1910.0,1,-11.326926740759518,2.0,-661.23234,3,2.7362727781700027,2.083350414318842,5.0,31.0,0.4059697503302246,2.619602105171382,-2.2136323548411574
100,SMSHF,79.5,0.2490428491466994,259.5,7.0,495.5,788.0,2477.5,2,-28.891243786914856,67.0,-646.06881,52,0.0936335908662122,0.6628558535409932,78.0,114.0,1.03868985110249,3.2659092828175322,-2.227219431715042
79,TSGML,219.6,0.2228085329580234,308.6,3.4,483.0,289.8,1708.8,5,-27.08368142980908,40.0,-644.14658,69,,,,,0.42380292556338894,2.6578287881219103,-2.2340258625585214
93,MWRTA,169.0,0.5336974703358065,183.0,8.0,479.0,233.6,1787.0,1,-30.28910182024265,95.0,-652.3503,10,0.3722034706873624,1.4174066032052277,42.0,65.0,0.3391151933526365,2.5941731614775745,-2.255057968124938
105,TRQPA,36.0,0.72821052226628,173.0,1.0,497.0,173.0,1899.0,1,-29.704914253772586,83.0,-628.32813,194,0.0088262065574271,0.8374657097519476,133.0,99.0,0.22739845620302257,2.496125250459768,-2.2687267942567457
65,PTGEF,313.0,0.4564746176741607,224.0,3.0,504.0,816.0,2126.0,1,-31.00792936345169,107.0,-631.1283,173,0.3833527550286312,1.7441349106632962,41.0,47.0,1.428854641759116,3.7227266769361282,-2.2938720351770123
98,TSGMP,117.5,0.2078837211705765,354.0,8.5,500.0,173.0,1854.0,2,-32.28376060399751,123.0,-626.072,202,,,,,0.23209350000006929,2.529889298387526,-2.297795798387457
96,HDNMV,250.0,0.4327288993371579,562.0,10.0,499.0,603.0,2266.0,1,-25.008205360749344,19.0,-643.7028,73,,,,,0.8357755188268174,3.1407418336012745,-2.304966314774457
92,SMSHL,179.5,0.5624245278135085,198.0,7.5,496.5,262.25,1847.5,4,-32.83419557801972,134.0,-645.83312,54,0.1421612952759968,0.6773487096587869,67.0,112.0,0.3814021296718366,2.695477018909475,-2.314074889237639
101,PPHNH,241.0,0.6121273782337272,311.0,10.0,491.0,265.0,1949.0,1,-37.818924317033634,208.0,-617.65697,209,,,,,0.37328218288079024,2.7453848091873967,-2.3721026263066065
116,ACSEV,61.0,0.6172994644110422,334.0,10.0,489.0,127.0,1904.0,1,-31.050462566017814,108.0,-639.53595,133,0.1825658059444893,1.9393512424566344,61.0,37.0,0.16966515546743483,2.543641385905479,-2.3739762304380445
103,NNVEQ,153.0,0.6051664357163699,352.0,1.0,506.0,153.0,1897.0,1,-33.12550292017113,138.0,-642.44172,93,,,,,0.21025718074234756,2.6069141952172115,-2.396657014474864
119,LQSGC,40.0,0.0245826260909029,195.0,6.0,489.0,260.0,2055.0,1,-34.90115889628214,175.0,-640.74132,119,0.0,0.0,155.5,155.5,0.34734598757112634,2.7453692479179415,-2.398023260346815
104,AKPPA,234.0,0.0498899549836378,266.0,4.0,504.0,112.0,1862.0,1,-33.8724566671408,152.0,-616.00856,212,0.0238525678310641,0.754966951165383,119.0,105.0,0.15369522163058114,2.5551830596084115,-2.4014878379778306
106,YLSLF,176.0,0.0885525129315932,109.0,11.0,482.0,324.0,2004.0,1,-20.202312095600064,5.0,-653.56246,8,0.0,0.0,155.5,155.5,0.46742064979284886,2.8910832783483618,-2.4236626285555127
69,GWLGF,282.0,0.0025198025327107,261.0,3.0,451.0,779.0,2018.0,1,-26.760748913708085,36.0,-647.82605,41,0.6579320406372168,0.9963252415090954,23.0,89.0,1.5243663156734952,3.9488719191644592,-2.424505603490964
107,LWRGR,172.0,0.0010816900972816,234.0,3.0,495.0,259.0,1991.0,1,-35.10690668551979,181.0,-648.29577,37,0.0,0.0,155.5,155.5,0.3638350110914058,2.79689384974127,-2.433058838649864
109,SLGMV,242.0,0.1284051155596292,452.0,12.0,469.0,58.0,1715.0,1,-26.117190107201168,27.0,-642.05548,100,,,,,0.08553188239996093,2.5290892813091896,-2.4435573989092285
111,GSVGH,213.0,0.2795993568793999,311.0,12.0,501.0,288.0,2075.0,1,-33.5955400129169,144.0,-638.75537,141,2.563108200811497,0.8351607029305762,7.0,100.0,0.3975828487689284,2.8645292055400224,-2.466946356771094
124,TRQPL,45.0,0.00757948403175,183.0,4.0,492.0,200.0,2058.0,1,-28.36479757037887,56.0,-630.81542,176,0.2289851423210215,0.9631917399307024,55.0,92.0,0.2655600186402139,2.7326125918078006,-2.4670525731675865
73,SMSHR,314.3333333333333,0.372052273177016,275.0,4.666666666666667,479.33333333333326,167.66666666666666,1509.5333333333335,3,-36.22258237029018,196.0,-642.15759,98,0.0155877177346369,0.3594114000034555,123.0,139.0,0.3084164690896504,2.7808176745431967,-2.4724012054535462
112,QYRGK,92.0,0.1910388463246949,142.0,8.0,489.0,184.0,1932.0,1,-27.570207424432738,47.0,-643.64877,74,0.4293732777640669,2.9423145836918647,35.0,6.0,0.26164888402148617,2.7473132822256043,-2.485664398204118
113,TSGMC,129.0,0.2350282613709312,156.0,8.0,514.0,326.0,2176.0,1,-30.68768290566368,99.0,-639.223,136,,,,,0.44102621381112744,2.9437823351319428,-2.5027561213208154
76,HPTYG,294.0,0.6395825631861564,187.0,4.0,469.0,349.0,1683.0,1,-35.710024521760715,190.0,-635.15532,156,0.1983141730708285,2.3589400926779254,60.0,18.0,0.6567211632668105,3.1669390194213243,-2.510217856154514
117,TNMPM,203.0,0.0185863574393961,548.0,8.0,509.0,183.0,2036.0,1,-31.457924261616427,114.0,-632.2942,168,0.0567956487712535,0.4881456685676023,95.0,133.0,0.24866014737285572,2.7665139893504604,-2.5178538419776046
114,SIVKL,184.0,0.5794748023897874,331.0,1.0,496.0,219.0,2015.0,1,-33.16106516974105,140.0,-644.60628,63,0.3849140987644672,2.429537178197297,40.0,15.0,0.3070240252316902,2.8249014193692044,-2.517877394137514
118,PTGER,206.0,0.3888369071221586,235.0,12.0,507.0,296.0,2155.0,1,-38.46929256100702,215.0,-627.50412,198,0.063818918861287,0.9456987770232158,93.0,94.0,0.40379099647324274,2.9397621533778313,-2.5359711569045884
108,PTGEL,160.33333333333334,0.3167203595404411,203.66666666666663,7.333333333333332,489.66666666666674,150.0,1879.333333333333,3,-35.03135726628898,179.0,-630.28025,179,0.5820339014911985,1.7822691387541112,25.0,44.0,0.22196976204329769,2.7968181413802475,-2.5748483793369497
134,SWWSS,10.0,0.4306454647983139,470.0,8.0,487.0,456.0,2392.0,1,-29.963486288390413,89.0,-649.25548,29,0.0104693265596729,1.8844182238354097,131.0,40.0,0.6116932371865428,3.20870663015397,-2.5970133929674275
122,SMSHA,166.0,0.1856967006404259,186.0,3.0,476.0,203.0,1983.0,1,-33.99362897944229,154.0,-643.53967,76,0.0054795911379187,0.5889339519510141,138.0,120.0,0.29655073723694814,2.8968478420732424,-2.600297104836294
123,PASLV,231.0,0.2256992434355881,318.3333333333333,9.666666666666666,504.33333333333326,323.6666666666667,2213.0,3,-29.49427943756018,77.0,-630.20654,180,0.0,0.0,155.5,155.5,0.4464202461151802,3.048373499052587,-2.601953252937407
81,TNMPC,338.0,0.0051407276161371,92.0,12.0,501.0,246.0,1732.0,1,-34.383565040938265,168.0,-628.7049,192,0.0822230081185269,0.5651215533510923,86.0,125.0,0.43333703647573046,3.0509745820161185,-2.617637545540388
131,YLSLV,103.0,0.0747033569070691,259.5,3.5,491.0,215.0,2119.0,2,-23.26154441184917,12.0,-650.01094,22,0.0,0.0,155.5,155.5,0.29598500422977875,2.9185576326098834,-2.6225726283801047
125,MVISC,139.0,0.6306470423107877,194.0,4.0,516.0,627.0,2577.0,1,-30.53675813742302,97.0,-642.32994,96,1.6615137655943648,1.5311396957137322,11.0,57.0,0.8449436803551537,3.472758954186972,-2.627815273831818
126,FFAQR,128.0,0.1472055522368616,280.0,11.0,483.0,156.0,1990.0,1,-29.84838462395419,86.0,-651.04995,16,0.3879314286155212,0.9839554381595408,39.0,90.0,0.22458843582562618,2.8649422262371544,-2.6403537904115284
127,QYRGE,97.0,0.2686380384517373,149.0,4.0,512.0,257.0,2204.0,1,-28.64894924701366,62.0,-643.19732,80,0.4907064037277678,2.004490048043777,32.0,33.0,0.3490383003739834,2.9933090039854453,-2.644270703611462
137,SAFRI,4.0,0.0040590980625102,154.0,4.0,493.0,177.0,2178.0,1,-28.61385802354198,60.0,-643.04974,83,,,,,0.2345439012501459,2.886082581484846,-2.6515386802347
132,TSGMS,257.0,0.4110935484461039,236.0,12.0,490.0,144.0,2045.0,1,-29.717220886072027,84.0,-640.35427,123,,,,,0.20325408901350323,2.8864903613375974,-2.6832362723240943
140,PLLMA,16.0,0.3806393057621424,201.0,5.0,498.0,363.0,2431.0,1,-27.902800106385257,53.0,-634.76,159,,,,,0.47618430812316903,3.1889918816733447,-2.7128075735501755
133,PTGEN,112.0,0.4212520645382607,158.0,10.0,480.0,107.0,2005.0,1,-38.247299984232086,213.0,-627.04134,199,0.0349222162869134,2.418342524212368,112.0,17.0,0.15500741121666917,2.904578126069361,-2.749570714852692
135,SMSHT,163.0,0.5458969700743049,270.0,10.0,515.0,439.0,2511.0,1,-35.07371574862918,180.0,-643.33462,78,0.0129493348046319,0.6235328442071495,127.0,117.0,0.5927440648140191,3.3903880335945376,-2.7976439687805184
136,TNMPT,119.0,0.2593363351947965,262.0,9.0,490.0,199.0,2171.0,1,-33.131880322282086,139.0,-630.34742,177,0.0258885464973008,0.6360108817145103,117.0,116.0,0.2824014480148052,3.0808720785936785,-2.798470630578873
90,FVNYG,302.0,0.7300962482844092,149.0,12.0,498.0,135.0,1720.0,1,-27.1703244395394,41.0,-647.46713,45,0.1092375791081971,1.180845170136331,73.0,77.0,0.23923948200963224,3.0480882152338333,-2.808848733224201
145,AQHYS,59.0,0.0012855278874455,287.0,1.0,487.0,359.0,2471.0,1,-30.82746693037916,104.0,-647.99469,39,0.0417745543709396,1.558280580509038,106.0,55.0,0.48157428103063343,3.314679800631463,-2.8331055196008292
120,LQSGG,151.5,0.0035340344441163,215.0,5.0,485.0,103.5,1906.5,2,-34.30035473815224,165.0,-640.07745,127,0.0,0.0,155.5,155.5,0.16434000148401234,3.032987750679367,-2.868647749195355
138,TLYRG,181.0,0.0780331127000515,187.0,5.0,471.0,64.0,2008.0,1,-28.4967597797222,58.0,-645.36986,58,0.0105884740494082,1.631596590344622,130.0,51.0,0.09448633197563498,2.9645086657355475,-2.8700223337599127
115,TLYRL,318.0,0.0843406488451977,434.5,11.0,480.0,173.0,1911.5,2,-26.186900959248305,28.0,-650.68128,21,0.4994402563868043,1.9793010527828905,31.0,36.0,0.287783236294052,3.159217224390777,-2.871433988096725
94,TRQPV,298.0,0.0179866001395514,246.0,5.0,479.0,267.0,1853.0,1,-27.73662987283751,50.0,-627.9315,196,0.0676612004387583,1.1006583952556186,90.0,85.0,0.49193098221437814,3.4140378653304975,-2.922106883116119
142,SYLGE,224.0,0.0109733245049877,243.0,8.0,507.0,84.0,2245.0,1,-27.679132389675942,48.0,-642.94861,85,0.0423200564919467,0.7148819245859133,102.0,107.0,0.11458933683700133,3.062536442846047,-2.9479471060090456
141,PLLMQ,170.0,0.0025435860089207,228.0,7.0,515.0,318.0,2505.0,1,-28.515629620524123,59.0,-635.23659,154,,,,,0.4293681380657359,3.3822867479706558,-2.95291860990492
143,HLVLC,187.0,0.022595730367225,235.0,8.0,488.0,505.0,2593.0,1,-26.940583523430178,38.0,-648.85364,34,0.0,0.0,155.5,155.5,0.7157221130235566,3.6749850278615495,-2.9592629148379928
139,LQSGT,205.3333333333333,0.2521415090683582,226.66666666666663,6.333333333333332,488.0,146.0,2172.0,3,-33.66758853074862,147.0,-642.69445,89,0.0,0.0,155.5,155.5,0.2154188056187993,3.2003732374171143,-2.984954431798315
144,SVYPN,125.0,0.3361238638059559,180.0,7.0,475.0,83.0,2127.0,1,-32.058482392007136,119.0,-629.71583,183,0.0309631632129758,2.7929675850417346,115.0,8.0,0.12150507157643087,3.1137504487116683,-2.9922453771352373
99,YLSLH,362.0,0.0079419585620291,204.0,7.0,468.0,181.0,1775.0,1,-26.47432400476828,31.0,-652.12061,11,0.0,0.0,155.5,155.5,0.3413195382935143,3.3471943672430267,-3.0058748289495125
146,SMSHQ,162.0,0.5110619590904167,198.0,12.0,494.0,220.0,2365.0,1,-34.406944078873494,169.0,-643.88142,71,0.0211399579478797,0.9311129498632504,121.0,96.0,0.30967464952287754,3.329002482370934,-3.0193278328480564
160,TSGMT,67.0,0.0780898296308452,207.0,11.0,495.0,237.0,2536.0,1,-29.377479585658875,74.0,-642.10519,99,,,,,0.31278141831841916,3.346893151289076,-3.034111732970657
102,SMSHH,349.0,0.5111685086484656,165.0,12.0,461.0,155.0,1743.0,1,-35.22612157058029,182.0,-644.32399,67,0.128003131955842,0.3992638186792535,68.0,137.0,0.29672845852532365,3.3367593755460585,-3.0400309170207347
148,MWRTG,231.0,0.0036772960084673,312.0,11.0,499.0,137.0,2343.0,1,-31.718378612531524,116.0,-649.57438,25,0.2047215058411096,1.3438200013933317,59.0,69.0,0.18988598023096848,3.247466070665395,-3.057580090434427
151,SWWSR,265.0,0.4522815292830198,279.0,8.0,496.0,268.0,2499.0,1,-30.821254972695897,103.0,-649.56129,26,0.0455883468318186,1.003033116464063,100.0,87.0,0.37370249452919524,3.4846363202554436,-3.1109338257262484
110,TNMPI,309.0,0.8181341214728689,242.0,12.0,491.0,291.0,2034.0,1,-30.77755877333402,101.0,-629.66751,185,,,,,0.5230460474296128,3.655930104714201,-3.1328840572845884
153,TSGMD,116.0,0.3641099132355964,246.0,12.0,495.0,139.0,2374.0,1,-33.91058979441186,153.0,-638.80145,139,,,,,0.19526280518032973,3.3349201402741215,-3.139657335093792
154,PLLMT,261.0,0.0721566206375079,334.0,3.0,486.0,296.0,2516.0,1,-28.84206770619494,66.0,-635.21046,155,,,,,0.42123875558011126,3.5805294224309456,-3.1592906668508345
155,LQSGL,244.0,0.0335517957498063,636.0,5.0,495.0,220.0,2484.0,1,-31.516091245866846,115.0,-645.18365,59,0.0,0.0,155.5,155.5,0.30739044326116227,3.4707175502760323,-3.16332710701487
156,MWRTR,216.0,0.0037883869244389,266.0,7.0,493.0,496.0,2751.0,1,-32.44887800122524,128.0,-650.9288,19,1.0588021067444953,0.865007170913635,16.0,97.0,0.6958371900191828,3.8593711889975237,-3.163533998978341
171,SYWGK,19.0,0.1133804853008928,466.0,7.0,483.0,229.0,2571.0,1,-23.377754808490863,14.0,-645.04116,61,0.0864287371739256,2.2433626739805472,84.0,22.0,0.309732051554406,3.4773847360103836,-3.1676526844559776
157,SIVKC,196.0,0.6027698594152573,496.0,8.0,497.0,250.0,2543.0,1,-36.62199686367967,202.0,-640.22814,126,0.1113565071594259,1.9872289309236089,71.0,35.0,0.3479016586205307,3.538855671488039,-3.190954012867508
159,SAFRV,238.0,0.8082594054370857,301.0,2.0,508.0,432.0,2784.0,1,-28.32727178259665,55.0,-643.08441,82,0.2667998494658964,2.1183949855535573,51.0,30.0,0.5881565174209641,3.790342001157324,-3.20218548373636
158,LQSGK,204.5,0.4186013177281053,345.5,5.0,509.0,193.5,2552.5,2,-34.252794623651425,163.0,-641.79145,105,0.0,0.0,155.5,155.5,0.26354358510748693,3.470339037498836,-3.2067954523913493
161,SAFRN,137.0,0.315523220527576,259.0,2.0,492.0,163.0,2467.0,1,-32.232498554789345,122.0,-642.66341,90,0.0541759707285547,2.5154266877693305,98.0,12.0,0.2303734490842678,3.4866950852201763,-3.2563216361359086
164,TSGMH,91.0,0.3553200882771433,102.0,3.0,463.0,232.0,2413.0,1,-29.697231278478284,82.0,-642.60536,91,,,,,0.3484311037945999,3.6239838511050415,-3.2755527473104418
121,ACSEG,318.0,0.2430237609697121,223.0,2.0,496.0,165.0,2014.0,1,-34.6957479408884,173.0,-637.56391,147,0.0130989618041263,1.3989996478805589,126.0,66.0,0.29358285897149766,3.583490169506644,-3.2899073105351464
166,TLYRF,184.5,0.107375465436303,171.5,7.0,494.5,559.0,2918.5,2,-21.773020666340017,9.0,-651.0302,17,0.3289530004481751,1.9369510416841311,45.0,38.0,0.7838334743841844,4.093165022303869,-3.3093315479196845
168,LQSGQ,239.0,0.5833227281846118,300.0,5.0,502.0,123.0,2525.0,1,-32.63720959046623,132.0,-643.24453,79,0.0,0.0,155.5,155.5,0.16946275930782204,3.4788086768475663,-3.309345917539744
167,TNMPG,179.0,0.8452987405635468,336.0,6.0,493.0,145.0,2501.0,1,-33.75004830461694,150.0,-628.23834,195,0.0060254767032392,0.5695324225738363,137.0,122.0,0.20451774981858492,3.5275785675605578,-3.3230608177419727
170,PLLML,259.0,0.3479469682148899,346.0,2.0,499.0,316.0,2714.0,1,-26.75723469001241,35.0,-637.84193,145,,,,,0.43798518067873016,3.761682849247069,-3.323697668568339
172,SMSHC,136.33333333333334,0.5632077391047051,262.0,3.6666666666666665,497.66666666666674,540.3333333333334,2979.333333333333,3,-36.28070029388618,197.0,-641.34392,111,0.0411275797535327,0.5540343091833136,107.0,128.0,0.7390329212913921,4.067968973930422,-3.32893605263903
174,SAFRR,124.0,0.7584620049684048,418.0,10.0,491.5,140.0,2577.0,2,-32.435127737233415,127.0,-641.93249,102,0.0990043659242993,0.983663777359156,76.0,91.0,0.19158860778263645,3.531387675497661,-3.3397990677150244
128,HNVCM,358.0,0.7846174239565893,263.0,2.0,455.0,147.0,1895.0,1,-29.4571724846046,76.0,-645.51272,57,1.234869511291807,1.497209166619064,14.0,59.0,0.28512438778994126,3.6755830942989025,-3.3904587065089613
129,SIVKS,304.0,0.0080076528165131,237.0,7.0,479.0,118.0,1961.0,1,-35.708063615093124,189.0,-640.75543,118,0.0096923677266279,2.4219496656185444,132.0,16.0,0.21740770000485626,3.6130211839790096,-3.395613483974153
130,QYRGG,316.0,0.2383715550840907,248.0,7.0,454.0,54.0,1806.0,1,-27.683186856331304,49.0,-641.31698,112,0.0555863985213462,1.793375833637174,97.0,43.0,0.10497027492581222,3.5106725280743865,-3.4057022531485743
147,TSGMG,215.5,0.1430086032973601,262.5,3.5,472.0,102.3,2169.0,2,-30.060757151601138,93.0,-639.13892,137,,,,,0.17344566021671032,3.609662451206008,-3.4362167909892976
187,FRMNT,39.0,0.2806712823981734,204.0,9.0,493.0,311.0,2912.0,1,-28.307820986767183,54.0,-646.52377,49,,,,,0.4121082106711603,3.8587109629402536,-3.446602752269093
175,TNMPQ,136.0,0.7830724278965941,208.0,11.0,508.0,217.0,2748.0,1,-32.40229315897159,125.0,-631.86196,171,0.0422633897834586,0.949746230242821,103.0,93.0,0.29703385003179517,3.7615162206791393,-3.464482370647344
150,TNMPS,272.5,0.3001818255737418,313.0,8.0,484.0,121.5,2280.0,2,-33.437176067978726,142.0,-629.71021,184,0.0071566148274867,0.6887459898927591,135.0,110.0,0.1909295665664989,3.6611707030336094,-3.4702411364671106
176,FRMNG,264.0,0.0170300453461621,509.0,3.0,485.0,126.0,2560.0,1,-28.97882821387612,68.0,-643.9641,70,,,,,0.1796808054938959,3.650657635431535,-3.4709768299376393
188,HDNMA,30.0,0.502516987497145,360.0,2.0,494.0,281.0,2914.0,1,-27.424192161162864,43.0,-644.33611,66,,,,,0.3716012519944013,3.8535446559134714,-3.48194340391907
177,QYRGD,254.0,0.236312397821814,620.0,2.0,490.0,190.0,2665.0,1,-31.426832622910297,113.0,-641.47198,110,0.3507517680597556,4.421402374220609,44.0,1.0,0.2681824785594834,3.7616121334790695,-3.493429654919586
165,HDNMG,240.66666666666663,0.1749074297768454,344.66666666666674,9.333333333333334,496.66666666666674,214.66666666666663,2572.0,3,-28.70909342989944,64.0,-641.81437,104,,,,,0.33815255029292035,3.8386994648858956,-3.5005469145929755
178,SMSHG,126.0,0.478873290586885,316.0,1.0,497.0,112.5,2632.5,2,-35.54974433404277,188.0,-640.96805,116,0.0030139164126456,0.5583586405917155,139.0,126.0,0.1573889546087756,3.683419528591636,-3.5260305739828603
179,LQSGH,101.0,0.002070217885587,293.0,8.0,492.0,311.0,2806.0,1,-33.741104329994414,149.0,-643.37409,77,0.0,0.0,155.5,155.5,0.4395468875166091,3.9658153259537143,-3.5262684384371052
180,FRMNM,267.0,0.5776623665588578,209.0,7.0,487.0,285.0,2780.0,1,-26.70899080687377,33.0,-647.20674,46,,,,,0.4047517900230396,3.94810517987386,-3.5433533898508203
191,AKPPQ,31.0,0.6973590901738991,207.5,3.5,487.5,230.0,2879.0,2,-34.25793746568888,164.0,-616.45452,211,0.092021880502779,1.1936134818176258,81.0,76.0,0.3081134738531488,3.8601079362113855,-3.5519944623582367
192,VFFMC,78.0,0.5458118469130239,231.0,4.0,498.0,228.0,2952.0,1,-21.330976197357813,8.0,-649.2877,28,,,,,0.29909097039141197,3.872440985067755,-3.5733500146763433
181,SKSHQ,127.0,0.0032595333134348,278.0,2.0,504.0,225.0,2820.0,1,-34.98884853530035,177.0,-641.71185,109,0.0358815106862069,1.237588500857559,109.0,73.0,0.31042872740320926,3.890706716786889,-3.58027798938368
182,AQHYQ,124.0,0.0076888755080208,418.0,2.0,514.0,186.0,2837.0,1,-29.94600985365105,88.0,-649.16937,31,0.2466996362062601,2.148790887667443,54.0,27.0,0.25162845327874145,3.838010333074137,-3.5863818797953955
184,LQSGS,108.0,0.2064237973064009,369.0,8.0,503.0,183.0,2797.0,1,-34.03881136959535,156.0,-641.90883,103,0.0,0.0,155.5,155.5,0.2529839839704245,3.866645918935942,-3.6136619349655175
185,PPHNS,183.0,0.2185617677646732,364.0,9.0,499.0,224.0,2823.0,1,-37.93062640829794,210.0,-616.9183,210,,,,,0.3121457279796278,3.933872277171827,-3.621726549192199
195,TRQPH,34.0,0.2544559601789233,344.0,11.0,476.0,331.0,3024.0,1,-30.76774691951869,100.0,-629.06934,190,0.2061799966829225,0.567754255262067,58.0,123.0,0.4542750016344129,4.150234456019531,-3.6959594543851177
197,RSARG,23.0,0.2213825842976862,339.0,6.0,489.0,224.0,3034.0,1,-36.130714440208976,194.0,-638.61293,142,0.2276981669272872,2.708806573499525,56.0,9.0,0.2992519277535858,4.053260485733836,-3.7540085579802502
198,SNGHG,11.0,0.0009763732169072,143.0,9.0,491.0,253.0,3078.0,1,-36.92927722915192,205.0,-638.79121,140,0.0022722437011352,0.506349335589798,140.0,131.0,0.33661760570528776,4.095292452019272,-3.7586748463139847
163,TSGMA,277.0,0.3003123897166655,294.5,4.5,489.0,174.5,2464.5,2,-28.66919569701713,63.0,-642.04777,101,,,,,0.28763562124381736,4.05033018593327,-3.762694564689453
162,SIVKG,253.0,0.3336215577822142,273.6666666666667,4.666666666666667,479.33333333333326,119.66666666666669,2366.6666666666665,3,-35.98247599242313,191.0,-639.5479,131,0.008160441401949,2.002739588547584,134.0,34.0,0.19721386606332122,3.970943380335107,-3.773729514271786
199,PTGES,13.0,0.1041517573187124,337.0,4.0,497.0,159.0,3063.0,1,-37.61655951037028,207.0,-626.84268,200,0.0146559625140377,1.7767030623711788,124.0,45.0,0.20899626899584156,4.026135672542533,-3.8171394035466912
193,MVISH,161.0,0.6193339196062734,261.0,11.0,501.0,348.0,3105.0,1,-29.637971325209943,81.0,-645.58108,56,5.171200616675114,1.103413040869612,3.0,84.0,0.4830047935835323,4.309568632404792,-3.8265638388212597
201,SAFRM,6.0,0.7724958557348218,118.0,4.0,493.0,143.0,3031.0,1,-29.530405553989112,79.0,-644.58122,64,0.1804374456630818,1.309782125766068,62.0,71.0,0.18949027050153028,4.016398670560408,-3.8269084000588776
194,AQHYE,121.0,0.2921443259234136,264.0,7.0,495.0,261.0,3013.0,1,-32.14253057076712,120.0,-647.59938,43,0.3104908328933333,1.4402491222450782,47.0,63.0,0.3666445478565904,4.2325671367506015,-3.865922588894011
203,VFFMS,37.0,0.1372736683987852,237.0,7.0,492.0,469.0,3391.0,1,-20.392957085568924,6.0,-650.98014,18,,,,,0.6227382437113015,4.502570116044827,-3.8798318723335252
204,LQSGD,22.0,0.0055920323002891,241.0,12.0,488.0,135.0,3051.0,1,-38.12904212904505,211.0,-640.01532,128,0.0,0.0,155.5,155.5,0.1807222995705226,4.084323970293811,-3.9036016707232886
206,PASLE,51.0,0.3056257323105724,441.0,11.0,505.0,175.0,3195.0,1,-34.05485427175881,157.0,-629.83618,182,0.0,0.0,155.5,155.5,0.2263833426229942,4.133113026745523,-3.9067296841225287
196,GIDLV,210.0,0.0898805374776,218.0,7.0,507.0,73.0,2942.0,1,-27.77326314587117,51.0,-639.4073,134,0.0,0.0,155.5,155.5,0.09958359034644162,4.013355106838784,-3.9137715164923423
149,PASLN,327.0,0.0044503948726036,103.0,11.0,493.0,76.0,2265.0,1,-33.68872420748812,148.0,-630.09477,181,0.0,0.0,155.5,155.5,0.1360489206686284,4.05461585940057,-3.918566938731942
189,TNMPE,289.6666666666667,0.7440370399433022,275.0,1.3333333333333333,489.0,164.66666666666666,2814.333333333333,3,-34.7383909823111,174.0,-629.25561,189,0.0531917894025199,0.6365771477873527,99.0,115.0,0.24856863355594316,4.183151024271061,-3.934582390715118
207,PPHNG,46.0,0.6299882943757994,190.0,11.0,489.0,431.0,3377.0,1,-38.167989471009605,212.0,-615.69023,213,,,,,0.5757927717044441,4.511490000106515,-3.935697228402071
200,QYRGS,96.5,0.0464804469869314,144.5,7.5,498.0,242.0,3160.5,2,-27.470142571502947,46.0,-642.85673,86,0.0660214060159907,2.1687622422023813,91.0,25.0,0.3237103737346492,4.289835136582171,-3.9661247628475222
152,SAFRL,355.0,0.6871087549385644,257.0,2.0,490.0,213.0,2425.0,1,-29.38311168889049,75.0,-646.04231,53,0.902928134662231,1.853818188087263,19.0,41.0,0.38362946053952734,4.367612402856121,-3.983982942316594
202,PTGEG,181.0,0.3004995595245443,303.5,3.0,490.5,291.5,3173.0,2,-37.86492985296718,209.0,-625.61282,203,0.012339515653785,1.4691773370094934,128.0,61.0,0.4122942072501675,4.488346740422836,-4.0760525331726685
205,SIVKT,277.0,0.6101851719948974,424.0,5.0,504.0,356.0,3369.0,1,-35.410813154740026,184.0,-642.36199,95,0.0350614527410391,2.236508618421225,111.0,23.0,0.4885312401829186,4.623207157798463,-4.134675917615544
210,ACSEQ,20.0,0.6783768482309829,50.0,10.0,487.0,220.0,3307.0,1,-33.57329424262571,143.0,-640.27065,125,0.0918776315554936,2.332956981941336,82.0,20.0,0.29511515829175305,4.436117402140125,-4.141002243848372
169,SPLVD,347.0,0.6953784775095215,345.0,1.0,487.0,112.0,2447.0,1,-32.574210244848445,131.0,-631.023,174,0.0431227723383842,1.3713574549964282,101.0,67.0,0.20296328768072475,4.434385401381549,-4.231422113700824
208,RSARI,175.0,0.2669176747393052,190.0,9.0,471.0,246.0,3176.0,1,-33.01486300563556,136.0,-639.89363,129,,,,,0.36318183853134695,4.688884224290886,-4.32570238575954
209,PCLTS,195.0,0.7493724483930491,290.0,6.0,503.0,166.0,3330.0,1,-34.54475366533734,170.0,-631.24536,172,0.0141631732740944,1.1529808973475466,125.0,80.0,0.22825115419094255,4.5787731533484255,-4.350521999157483
173,HLVLL,350.0,0.2490510751102486,319.0,2.0,475.0,169.0,2521.0,1,-23.51359255652824,15.0,-653.35644,9,0.0,0.0,155.5,155.5,0.3139941253005017,4.6839005318494955,-4.369906406548994
211,VCRAS,190.0,0.4768413384350835,297.0,4.0,501.0,200.0,3415.0,1,-29.50004691016511,78.0,-641.07042,115,0.0929746498688757,2.6845898658912346,80.0,10.0,0.2760992005339781,4.714393849117675,-4.438294648583697
214,ACSEK,60.0,0.6551786098879323,483.0,8.0,490.0,243.0,3579.0,1,-34.6143515559379,172.0,-639.54535,132,0.1011820214073447,2.295278540801135,74.0,21.0,0.32397238355662666,4.771593254111798,-4.447620870555171
212,HDNMN,173.0,0.15553336597864,277.0,4.0,501.0,148.0,3378.0,1,-29.21771047227412,72.0,-642.37494,94,,,,,0.205415831753916,4.688477565302218,-4.483061733548302
183,LQSGA,353.0,0.1726346923585903,238.0,12.0,474.0,276.0,2725.0,1,-32.55955579894362,130.0,-642.98517,84,0.0,0.0,155.5,155.5,0.5138769858299724,5.073604298502445,-4.559727312672473
186,QYKGD,286.0,0.0018002623599505,177.0,4.0,442.0,107.0,2436.0,1,-29.57733510737671,80.0,-641.25164,113,0.3904357890194313,4.028886255061052,38.0,2.0,0.21364362390422767,4.863886615240173,-4.650242991335945
213,PCLTD,251.0,0.7174787381494041,513.0,1.0,506.0,88.0,3513.0,1,-38.62602213358889,216.0,-629.35627,187,0.0752446572558917,2.3505538678996154,87.0,19.0,0.12028321692828088,4.801760693966486,-4.681477477038205
190,NNVER,306.0,0.6872938039319406,230.0,7.0,509.0,106.0,2847.0,1,-34.95297506863426,176.0,-640.6429,120,,,,,0.18378772868113905,4.936260976935876,-4.752473248254737
215,TSGRE,193.0,0.0019148031288442,556.0,2.0,490.0,107.0,3496.0,1,-35.417785817888216,185.0,-639.24294,135,0.0932535875073211,1.1089171736388612,79.0,83.0,0.15102908003086699,4.934557605494494,-4.783528525463628
