Well,Replicate,Type,Variant,StdArea,Pdt1Area,Pdt2Area,NormIso1,NormIso2
A1,Plate1,Sterile,Sterile,463,0,0,0,0
A2,Plate1,Variant,FKTNY,434,3850,652,8.870967742,1.502304147
A3,Plate1,Variant,FSFNY,431,3644,506,8.454756381,1.174013921
A4,Plate1,Variant,FAFNY,436,3398,527,7.793577982,1.208715596
A5,Plate1,Variant,FIFNY,445,2718,854,6.107865169,1.919101124
A6,Plate1,Variant,FADYY,461,3011,539,6.531453362,1.169197397
A7,Plate1,Variant,GYFNY,455,3700,639,8.131868132,1.404395604
A8,Plate1,Variant,FFFNY,464,3448,404,7.431034483,0.870689655
A9,Plate1,Variant,FATYY,448,2376,585,5.303571429,1.305803571
A10,Plate1,Variant,FSFLY,460,1745,1054,3.793478261,2.291304348
A11,Plate1,Variant,FAFPY,446,3398,608,7.618834081,1.3632287
A12,Plate1,Variant,FRFNY,456,3915,591,8.585526316,1.296052632
B1,Plate1,Variant,TKTNY,450,3146,992,6.991111111,2.204444444
B2,Plate1,Variant,FSTYY,448,2530,670,5.647321429,1.495535714
B3,Plate1,Variant,FVFNY,464,3301,557,7.114224138,1.200431034
B4,Plate1,Variant,GVFNY,462,3461,665,7.491341991,1.439393939
B5,Plate1,Variant,FAFSY,450,2819,507,6.264444444,1.126666667
B6,Plate1,Variant,FATPY,457,3324,485,7.273522976,1.061269147
B7,Plate1,Variant,GIGNY,449,3069,957,6.83518931,2.131403118
B8,Plate1,Variant,FAFAY,452,2850,519,6.305309735,1.148230088
B9,Plate1,Variant,QIFNY,461,2392,1129,5.188720174,2.449023861
B10,Plate1,Variant,FKTYY,464,2407,622,5.1875,1.340517241
B11,Plate1,Variant,FADPY,459,3010,544,6.557734205,1.185185185
B12,Plate1,Variant,GIFNY,450,3425,627,7.611111111,1.393333333
C1,Plate1,Variant,FYFNY,471,4119,503,8.74522293,1.067940552
C2,Plate1,Variant,FRTNY,462,3286,856,7.112554113,1.852813853
C3,Plate1,Variant,FKFNY,463,4320,525,9.330453564,1.133909287
C4,Plate1,Variant,MSFNY,470,3805,491,8.095744681,1.044680851
C5,Plate1,Parent,WYLQF,466,923,2676,1.980686695,5.74248927
C6,Plate1,Variant,SSFNY,474,3659,876,7.719409283,1.848101266
C7,Plate1,Variant,ISFNY,467,3320,657,7.109207709,1.406852248
C8,Plate1,Variant,IKFNY,470,3778,707,8.038297872,1.504255319
C9,Plate1,Variant,GPFNY,465,3909,697,8.406451613,1.498924731
C10,Plate1,Variant,GCFNY,468,2906,741,6.209401709,1.583333333
C11,Plate1,Variant,FSFSY,456,3269,582,7.168859649,1.276315789
C12,Plate1,Variant,TKTYY,470,2496,1033,5.310638298,2.19787234
D1,Plate1,Variant,FFFLY,470,846,716,1.8,1.523404255
D2,Plate1,Variant,SAFNY,449,3070,727,6.837416481,1.619153675
D3,Plate1,Variant,GDFNY,470,3606,789,7.672340426,1.678723404
D4,Plate1,Variant,GKTNY,475,3265,846,6.873684211,1.781052632
D5,Plate1,Variant,FIFLY,467,1017,768,2.177730193,1.644539615
D6,Plate1,Parent,WYLQF,466,929,2814,1.993562232,6.038626609
D7,Plate1,Variant,IIFNY,478,3170,783,6.631799163,1.638075314
D8,Plate1,Variant,TSTYY,468,1944,1071,4.153846154,2.288461538
D9,Plate1,Variant,FSFRY,471,2076,649,4.407643312,1.377919321
D10,Plate1,Variant,FSTNY,471,3544,685,7.524416136,1.454352442
D11,Plate1,Variant,FAFYY,472,2378,768,5.038135593,1.627118644
D12,Plate1,Variant,QIGNY,473,1718,1800,3.632135307,3.805496829
E1,Plate1,Variant,QGFNY,479,3346,866,6.985386221,1.807933194
E2,Plate1,Variant,FATAY,469,3882,552,8.277185501,1.176972281
E3,Plate1,Variant,FPFNY,470,3346,523,7.119148936,1.112765957
E4,Plate1,Variant,FATNY,457,3613,698,7.905908096,1.527352298
E5,Plate1,Variant,GKFNY,468,3959,467,8.459401709,0.997863248
E6,Plate1,Variant,MIFNY,465,3686,595,7.92688172,1.279569892
E7,Plate1,Parent,WYLQF,467,892,2601,1.91006424,5.569593148
E8,Plate1,Variant,FFFSY,475,3490,581,7.347368421,1.223157895
E9,Plate1,Variant,FQFNY,463,3573,537,7.717062635,1.159827214
E10,Plate1,Variant,GGFNY,472,3391,561,7.184322034,1.188559322
E11,Plate1,Variant,GKTYY,461,2892,969,6.273318872,2.101952278
E12,Plate1,Variant,GAFNY,470,3490,608,7.425531915,1.293617021
F1,Plate1,Variant,LKTNY,468,3280,732,7.008547009,1.564102564
F2,Plate1,Variant,MYFNY,478,4057,568,8.487447699,1.188284519
F3,Plate1,Variant,MKFNY,467,4587,406,9.822269807,0.869379015
F4,Plate1,Variant,FIFSY,472,1957,823,4.146186441,1.743644068
F5,Plate1,Variant,FIGNY,479,1885,1130,3.935281837,2.35908142
F6,Plate1,Variant,FDFNY,468,3528,619,7.538461538,1.322649573
F7,Plate1,Variant,IYFNY,469,3779,468,8.057569296,0.997867804
F8,Plate1,Parent,WYLQF,468,897,2461,1.916666667,5.258547009
F9,Plate1,Variant,MKTNY,474,3659,675,7.719409283,1.424050633
F10,Plate1,Variant,FGFNY,477,4134,459,8.666666667,0.962264151
F11,Plate1,Variant,FHFNY,470,3545,456,7.542553191,0.970212766
F12,Plate1,Variant,FKMNY,478,3800,519,7.949790795,1.085774059
G1,Plate1,Variant,FAGNY,479,4122,665,8.605427975,1.388308977
G2,Plate1,Variant,FTFNY,479,3375,630,7.045929019,1.315240084
G3,Plate1,Variant,FPTNY,482,3183,948,6.60373444,1.966804979
G4,Plate1,Variant,FITNY,471,1860,1176,3.949044586,2.496815287
G5,Plate1,Variant,FADDY,482,4403,789,9.134854772,1.636929461
G6,Plate1,Variant,IAFNY,474,3289,725,6.938818565,1.529535865
G7,Plate1,Variant,FATRY,473,2025,802,4.281183932,1.695560254
G8,Plate1,Variant,FCFSY,543,2599,801,4.786372007,1.475138122
G9,Plate1,Variant,TSFNY,476,3033,954,6.371848739,2.004201681
G10,Plate1,Variant,SKFNY,469,4319,557,9.208955224,1.187633262
G11,Plate1,Variant,GHFNY,472,3232,608,6.847457627,1.288135593
G12,Plate1,Variant,QAFNY,479,3275,814,6.837160752,1.699373695
H1,Plate1,Variant,FAFLY,536,2374,1552,4.429104478,2.895522388
H2,Plate1,Variant,FADAY,458,2962,537,6.467248908,1.172489083
H3,Plate1,Variant,GSFNY,476,3684,695,7.739495798,1.460084034
H4,Plate1,Variant,GAGNY,471,3265,779,6.932059448,1.653927813
H5,Plate1,Variant,FTFLY,472,1470,913,3.11440678,1.934322034
H6,Plate1,Variant,GVGNY,480,3126,1026,6.5125,2.1375
H7,Plate1,Variant,FKDNY,481,3658,729,7.604989605,1.515592516
H8,Plate1,Variant,FADNY,486,3378,746,6.950617284,1.534979424
H9,Plate1,Variant,TRTNY,499,2849,1445,5.709418838,2.895791583
H10,Plate1,Variant,FRFPY,483,3217,630,6.660455487,1.304347826
H11,Plate1,Variant,FCFLY,478,874,957,1.828451883,2.00209205
H12,Plate1,Sterile,Sterile,487,0,0,0,0
A1,Plate2,Sterile,Sterile,487,0,0,0,0
A2,Plate2,Variant,FKTNY,472,4232,728,8.966101695,1.542372881
A3,Plate2,Variant,FSFNY,465,3842,581,8.262365591,1.249462366
A4,Plate2,Variant,FAFNY,465,3678,617,7.909677419,1.32688172
A5,Plate2,Variant,FIFNY,466,3308,760,7.098712446,1.630901288
A6,Plate2,Variant,FADYY,464,3097,626,6.674568966,1.349137931
A7,Plate2,Variant,GYFNY,463,3935,652,8.498920086,1.408207343
A8,Plate2,Variant,FFFNY,468,3560,469,7.606837607,1.002136752
A9,Plate2,Variant,FATYY,463,2695,672,5.820734341,1.451403888
A10,Plate2,Variant,FSFLY,464,1942,1230,4.185344828,2.650862069
A11,Plate2,Variant,FAFPY,460,3578,650,7.77826087,1.413043478
A12,Plate2,Variant,FRFNY,460,3273,542,7.115217391,1.17826087
B1,Plate2,Variant,TKTNY,461,3255,916,7.060737527,1.986984816
B2,Plate2,Variant,FSTYY,450,2721,677,6.046666667,1.504444444
B3,Plate2,Variant,FVFNY,464,2928,543,6.310344828,1.170258621
B4,Plate2,Variant,GVFNY,461,2954,537,6.407809111,1.164859002
B5,Plate2,Variant,FAFSY,465,2795,602,6.010752688,1.294623656
B6,Plate2,Variant,FATPY,468,3121,488,6.668803419,1.042735043
B7,Plate2,Variant,GIGNY,456,2827,825,6.199561404,1.809210526
B8,Plate2,Variant,FAFAY,462,2739,578,5.928571429,1.251082251
B9,Plate2,Variant,QIFNY,456,2232,1030,4.894736842,2.25877193
B10,Plate2,Variant,FKTYY,463,2511,675,5.423326134,1.457883369
B11,Plate2,Variant,FADPY,463,2970,581,6.414686825,1.254859611
B12,Plate2,Variant,GIFNY,463,3338,615,7.20950324,1.328293737
C1,Plate2,Variant,FYFNY,464,4183,537,9.015086207,1.157327586
C2,Plate2,Variant,FRTNY,469,3217,849,6.859275053,1.810234542
C3,Plate2,Variant,FKFNY,465,3651,447,7.851612903,0.961290323
C4,Plate2,Variant,MSFNY,468,3423,465,7.314102564,0.993589744
C5,Plate2,Parent,WYLQF,468,879,2473,1.878205128,5.284188034
C6,Plate2,Variant,SSFNY,475,3562,775,7.498947368,1.631578947
C7,Plate2,Variant,ISFNY,459,3189,681,6.947712418,1.483660131
C8,Plate2,Variant,IKFNY,470,3247,684,6.908510638,1.455319149
C9,Plate2,Variant,GPFNY,467,3863,694,8.271948608,1.48608137
C10,Plate2,Variant,GCFNY,467,3139,802,6.721627409,1.717344754
C11,Plate2,Variant,FSFSY,470,3312,579,7.046808511,1.231914894
C12,Plate2,Variant,TKTYY,464,2791,1260,6.015086207,2.715517241
D1,Plate2,Variant,FFFLY,470,862,757,1.834042553,1.610638298
D2,Plate2,Variant,SAFNY,474,2774,668,5.852320675,1.4092827
D3,Plate2,Variant,GDFNY,471,2953,639,6.269639066,1.356687898
D4,Plate2,Variant,GKTNY,471,2837,756,6.023354565,1.605095541
D5,Plate2,Variant,FIFLY,459,1022,825,2.226579521,1.797385621
D6,Plate2,Parent,WYLQF,471,817,2255,1.734607219,4.787685775
D7,Plate2,Variant,IIFNY,462,2688,717,5.818181818,1.551948052
D8,Plate2,Variant,TSTYY,466,2217,1104,4.75751073,2.369098712
D9,Plate2,Variant,FSFRY,464,3365,745,7.252155172,1.605603448
D10,Plate2,Variant,FSTNY,467,3181,633,6.811563169,1.355460385
D11,Plate2,Variant,FAFYY,471,2297,667,4.876857749,1.416135881
D12,Plate2,Variant,QIGNY,471,1839,1954,3.904458599,4.148619958
E1,Plate2,Variant,QGFNY,478,3562,935,7.451882845,1.956066946
E2,Plate2,Variant,FATAY,462,3723,547,8.058441558,1.183982684
E3,Plate2,Variant,FPFNY,469,3209,540,6.842217484,1.151385928
E4,Plate2,Variant,FATNY,474,3590,713,7.573839662,1.504219409
E5,Plate2,Variant,GKFNY,461,3579,430,7.763557484,0.932754881
E6,Plate2,Variant,MIFNY,480,3656,588,7.616666667,1.225
E7,Plate2,Parent,WYLQF,477,824,2470,1.727463312,5.178197065
E8,Plate2,Variant,FFFSY,468,2357,638,5.036324786,1.363247863
E9,Plate2,Variant,FQFNY,475,3156,527,6.644210526,1.109473684
E10,Plate2,Variant,GGFNY,477,3643,605,7.637316562,1.268343816
E11,Plate2,Variant,GKTYY,481,2712,953,5.638253638,1.981288981
E12,Plate2,Variant,GAFNY,481,3196,574,6.644490644,1.193347193
F1,Plate2,Variant,LKTNY,480,2819,647,5.872916667,1.347916667
F2,Plate2,Variant,MYFNY,476,3329,419,6.993697479,0.880252101
F3,Plate2,Variant,MKFNY,476,4211,371,8.846638655,0.779411765
F4,Plate2,Variant,FIFSY,477,2164,840,4.536687631,1.761006289
F5,Plate2,Variant,FIGNY,471,1837,1096,3.900212314,2.326963907
F6,Plate2,Variant,FDFNY,475,3236,510,6.812631579,1.073684211
F7,Plate2,Variant,IYFNY,481,3322,439,6.906444906,0.912681913
F8,Plate2,Parent,WYLQF,484,766,1946,1.582644628,4.020661157
F9,Plate2,Variant,MKTNY,482,3480,658,7.219917012,1.365145228
F10,Plate2,Variant,FGFNY,487,3657,433,7.509240246,0.889117043
F11,Plate2,Variant,FHFNY,477,3928,518,8.234800839,1.085953878
F12,Plate2,Variant,FKMNY,487,3263,521,6.700205339,1.069815195
G1,Plate2,Variant,FAGNY,497,4015,692,8.078470825,1.392354125
G2,Plate2,Variant,FTFNY,491,3524,651,7.177189409,1.32586558
G3,Plate2,Variant,FPTNY,487,3099,916,6.363449692,1.880903491
G4,Plate2,Variant,FITNY,496,2236,1252,4.508064516,2.524193548
G5,Plate2,Variant,FADDY,492,3881,710,7.888211382,1.443089431
G6,Plate2,Variant,IAFNY,490,3309,747,6.753061224,1.524489796
G7,Plate2,Variant,FATRY,489,1960,877,4.008179959,1.793456033
G8,Plate2,Variant,FCFSY,492,2708,831,5.504065041,1.68902439
G9,Plate2,Variant,TSFNY,487,2794,835,5.737166324,1.714579055
G10,Plate2,Variant,SKFNY,483,3745,451,7.753623188,0.933747412
G11,Plate2,Variant,GHFNY,494,3196,657,6.469635628,1.329959514
G12,Plate2,Variant,QAFNY,484,2923,745,6.039256198,1.539256198
H1,Plate2,Variant,FAFLY,499,2135,1380,4.278557114,2.765531062
H2,Plate2,Variant,FADAY,484,3242,612,6.698347107,1.26446281
H3,Plate2,Variant,GSFNY,490,3588,645,7.32244898,1.316326531
H4,Plate2,Variant,GAGNY,496,3362,798,6.778225806,1.608870968
H5,Plate2,Variant,FTFLY,490,1440,960,2.93877551,1.959183673
H6,Plate2,Variant,GVGNY,490,2795,878,5.704081633,1.791836735
H7,Plate2,Variant,FKDNY,489,2987,627,6.108384458,1.282208589
H8,Plate2,Variant,FADNY,484,2913,680,6.018595041,1.404958678
H9,Plate2,Variant,TRTNY,499,2389,1142,4.78757515,2.288577154
H10,Plate2,Variant,FRFPY,490,3106,637,6.33877551,1.3
H11,Plate2,Variant,FCFLY,493,1049,1182,2.127789047,2.397565923
H12,Plate2,Sterile,Sterile,519,0,0,0,0
A1,Plate3,Sterile,Sterile,524,0,0,0,0
A2,Plate3,Variant,FKTNY,470,4250,743,9.042553191,1.580851064
A3,Plate3,Variant,FSFNY,494,4320,672,8.744939271,1.360323887
A4,Plate3,Variant,FAFNY,492,4245,708,8.62804878,1.43902439
A5,Plate3,Variant,FIFNY,481,3389,1028,7.045738046,2.137214137
A6,Plate3,Variant,FADYY,474,3697,765,7.799578059,1.613924051
A7,Plate3,Variant,GYFNY,477,4280,817,8.972746331,1.71278826
A8,Plate3,Variant,FFFNY,488,4246,606,8.700819672,1.241803279
A9,Plate3,Variant,FATYY,499,2913,858,5.837675351,1.719438878
A10,Plate3,Variant,FSFLY,487,2031,1390,4.170431211,2.854209446
A11,Plate3,Variant,FAFPY,484,3947,777,8.154958678,1.605371901
A12,Plate3,Variant,FRFNY,471,3919,678,8.32059448,1.439490446
B1,Plate3,Variant,TKTNY,485,3347,1139,6.901030928,2.348453608
B2,Plate3,Variant,FSTYY,477,2553,745,5.352201258,1.561844864
B3,Plate3,Variant,FVFNY,476,3203,619,6.728991597,1.300420168
B4,Plate3,Variant,GVFNY,481,3534,713,7.347193347,1.482328482
B5,Plate3,Variant,FAFSY,462,3049,615,6.5995671,1.331168831
B6,Plate3,Variant,FATPY,482,3427,533,7.109958506,1.105809129
B7,Plate3,Variant,GIGNY,484,3214,1020,6.640495868,2.107438017
B8,Plate3,Variant,FAFAY,483,3177,639,6.577639752,1.322981366
B9,Plate3,Variant,QIFNY,486,2617,1320,5.384773663,2.716049383
B10,Plate3,Variant,FKTYY,487,2542,813,5.219712526,1.669404517
B11,Plate3,Variant,FADPY,492,3412,748,6.93495935,1.520325203
B12,Plate3,Variant,GIFNY,486,3346,711,6.884773663,1.462962963
C1,Plate3,Variant,FYFNY,483,4475,570,9.265010352,1.180124224
C2,Plate3,Variant,FRTNY,482,3363,933,6.977178423,1.935684647
C3,Plate3,Variant,FKFNY,491,4498,608,9.16089613,1.238289206
C4,Plate3,Variant,MSFNY,478,4308,634,9.012552301,1.326359833
C5,Plate3,Parent,WYLQF,493,1088,3223,2.206896552,6.537525355
C6,Plate3,Variant,SSFNY,480,3808,1001,7.933333333,2.085416667
C7,Plate3,Variant,ISFNY,478,3892,909,8.142259414,1.90167364
C8,Plate3,Variant,IKFNY,491,4026,875,8.199592668,1.782077393
C9,Plate3,Variant,GPFNY,475,4425,900,9.315789474,1.894736842
C10,Plate3,Variant,GCFNY,507,3832,1117,7.558185404,2.203155819
C11,Plate3,Variant,FSFSY,458,3367,750,7.351528384,1.637554585
C12,Plate3,Variant,TKTYY,488,2700,1287,5.532786885,2.637295082
D1,Plate3,Variant,FFFLY,493,739,655,1.498985801,1.328600406
D2,Plate3,Variant,SAFNY,491,3751,1015,7.639511202,2.067209776
D3,Plate3,Variant,GDFNY,473,3603,847,7.617336152,1.790697674
D4,Plate3,Variant,GKTNY,500,3627,1006,7.254,2.012
D5,Plate3,Variant,FIFLY,502,1169,866,2.328685259,1.725099602
D6,Plate3,Parent,WYLQF,479,993,2948,2.073068894,6.154488518
D7,Plate3,Variant,IIFNY,477,3387,911,7.100628931,1.909853249
D8,Plate3,Variant,TSTYY,491,2311,1375,4.706720978,2.800407332
D9,Plate3,Variant,FSFRY,469,2376,869,5.066098081,1.852878465
D10,Plate3,Variant,FSTNY,498,3573,788,7.174698795,1.582329317
D11,Plate3,Variant,FAFYY,495,2689,1141,5.432323232,2.305050505
D12,Plate3,Variant,QIGNY,504,1845,2198,3.660714286,4.361111111
E1,Plate3,Variant,QGFNY,486,3937,1162,8.100823045,2.390946502
E2,Plate3,Variant,FATAY,489,4301,614,8.795501022,1.255623722
E3,Plate3,Variant,FPFNY,484,4077,665,8.423553719,1.373966942
E4,Plate3,Variant,FATNY,478,3844,825,8.041841004,1.725941423
E5,Plate3,Variant,GKFNY,526,4822,615,9.16730038,1.169201521
E6,Plate3,Variant,MIFNY,480,4062,712,8.4625,1.483333333
E7,Plate3,Parent,WYLQF,486,1093,3213,2.248971193,6.611111111
E8,Plate3,Variant,FFFSY,464,2617,721,5.640086207,1.55387931
E9,Plate3,Variant,FQFNY,475,3968,673,8.353684211,1.416842105
E10,Plate3,Variant,GGFNY,469,3920,785,8.358208955,1.673773987
E11,Plate3,Variant,GKTYY,478,3324,1343,6.953974895,2.809623431
E12,Plate3,Variant,GAFNY,485,3774,709,7.781443299,1.46185567
F1,Plate3,Variant,LKTNY,495,3832,938,7.741414141,1.894949495
F2,Plate3,Variant,MYFNY,479,3898,540,8.137787056,1.127348643
F3,Plate3,Variant,MKFNY,477,4593,439,9.628930818,0.92033543
F4,Plate3,Variant,FIFSY,469,2051,902,4.373134328,1.923240938
F5,Plate3,Variant,FIGNY,465,2107,1320,4.531182796,2.838709677
F6,Plate3,Variant,FDFNY,480,3547,631,7.389583333,1.314583333
F7,Plate3,Variant,IYFNY,494,4192,582,8.48582996,1.178137652
F8,Plate3,Parent,WYLQF,480,845,2229,1.760416667,4.64375
F9,Plate3,Variant,MKTNY,469,3259,619,6.948827292,1.319829424
F10,Plate3,Variant,FGFNY,470,3975,560,8.457446809,1.191489362
F11,Plate3,Variant,FHFNY,481,3685,522,7.661122661,1.085239085
F12,Plate3,Variant,FKMNY,486,3854,606,7.930041152,1.24691358
G1,Plate3,Variant,FAGNY,488,4434,761,9.086065574,1.55942623
G2,Plate3,Variant,FTFNY,480,3512,694,7.316666667,1.445833333
G3,Plate3,Variant,FPTNY,476,3625,1081,7.615546218,2.271008403
G4,Plate3,Variant,FITNY,491,1967,1318,4.00610998,2.684317719
G5,Plate3,Variant,FADDY,486,3787,772,7.79218107,1.588477366
G6,Plate3,Variant,IAFNY,488,3697,865,7.575819672,1.772540984
G7,Plate3,Variant,FATRY,500,2108,915,4.216,1.83
G8,Plate3,Variant,FCFSY,488,2694,871,5.520491803,1.784836066
G9,Plate3,Variant,TSFNY,496,2952,1050,5.951612903,2.116935484
G10,Plate3,Variant,SKFNY,478,3674,499,7.686192469,1.043933054
G11,Plate3,Variant,GHFNY,472,3128,694,6.627118644,1.470338983
G12,Plate3,Variant,QAFNY,482,3138,926,6.510373444,1.921161826
H1,Plate3,Variant,FAFLY,461,1945,1295,4.219088937,2.809110629
H2,Plate3,Variant,FADAY,493,3243,595,6.578093306,1.206896552
H3,Plate3,Variant,GSFNY,470,3433,692,7.304255319,1.472340426
H4,Plate3,Variant,GAGNY,471,3109,781,6.600849257,1.658174098
H5,Plate3,Variant,FTFLY,489,1519,954,3.106339468,1.950920245
H6,Plate3,Variant,GVGNY,489,2839,911,5.805725971,1.862985685
H7,Plate3,Variant,FKDNY,496,3119,678,6.288306452,1.366935484
H8,Plate3,Variant,FADNY,492,2938,726,5.971544715,1.475609756
H9,Plate3,Variant,TRTNY,509,2623,1348,5.15324165,2.648330059
H10,Plate3,Variant,FRFPY,481,2878,582,5.983367983,1.20997921
H11,Plate3,Variant,FCFLY,501,1155,1239,2.305389222,2.473053892
H12,Plate3,Sterile,Sterile,512,0,0,0,0